/*C1*/SET SCHEMA SYSTEM_LOBS
INSERT INTO BLOCKS VALUES(0,2147483647,0)
COMMIT
/*C2*/SET SCHEMA PUBLIC
SET FILES WRITE DELAY 1
DISCONNECT
/*C3*/SET SCHEMA PUBLIC
CREATE GLOBAL TEMPORARY TABLE "mendixsystem$temporary_ids" ( "id" BIGINT NOT NULL ) ON COMMIT DELETE ROWS
SET DATABASE TRANSACTION CONTROL MVCC
SET DATABASE TRANSACTION ROLLBACK ON INTERRUPT TRUE
CREATE TABLE "mendixsystem$entity" (\u000d\u000a\u0009"id" VARCHAR_IGNORECASE(36) NOT NULL,\u000d\u000a\u0009"entity_name" VARCHAR_IGNORECASE(511) NOT NULL,\u000d\u000a\u0009"table_name" VARCHAR_IGNORECASE(255) NOT NULL,\u000d\u000a\u0009"superentity_id" VARCHAR_IGNORECASE(255) NULL,\u000d\u000a\u0009"remote" BOOLEAN NULL,\u000d\u000a\u0009"remote_primary_key" BOOLEAN NULL,\u000d\u000a\u0009PRIMARY KEY("id"))
CREATE INDEX "idx_mendixsystem$entity_entity_name" ON "mendixsystem$entity" ("entity_name" ASC)
CREATE TABLE "mendixsystem$attribute" (\u000d\u000a\u0009"id" VARCHAR_IGNORECASE(36) NOT NULL,\u000d\u000a\u0009"entity_id" VARCHAR_IGNORECASE(255) NOT NULL,\u000d\u000a\u0009"attribute_name" VARCHAR_IGNORECASE(255) NOT NULL,\u000d\u000a\u0009"column_name" VARCHAR_IGNORECASE(255) NOT NULL,\u000d\u000a\u0009"type" INT NOT NULL,\u000d\u000a\u0009"length" INT NULL,\u000d\u000a\u0009"default_value" VARCHAR_IGNORECASE(2147483647) NULL,\u000d\u000a\u0009"is_auto_number" BOOLEAN NOT NULL,\u000d\u000a\u0009PRIMARY KEY("id"))
CREATE TABLE "mendixsystem$index" (\u000d\u000a\u0009"id" VARCHAR_IGNORECASE(36) NOT NULL,\u000d\u000a\u0009"table_id" VARCHAR_IGNORECASE(36) NOT NULL,\u000d\u000a\u0009"index_name" VARCHAR_IGNORECASE(255) NOT NULL,\u000d\u000a\u0009PRIMARY KEY("id"))
CREATE TABLE "mendixsystem$index_column" (\u000d\u000a\u0009"index_id" VARCHAR_IGNORECASE(36) NOT NULL,\u000d\u000a\u0009"column_id" VARCHAR_IGNORECASE(36) NOT NULL,\u000d\u000a\u0009"sort_order" BOOLEAN NOT NULL,\u000d\u000a\u0009"ordinal" INT NOT NULL,\u000d\u000a\u0009PRIMARY KEY("index_id","column_id"))
CREATE TABLE "mendixsystem$association" (\u000d\u000a\u0009"id" VARCHAR_IGNORECASE(36) NOT NULL,\u000d\u000a\u0009"association_name" VARCHAR_IGNORECASE(511) NOT NULL,\u000d\u000a\u0009"table_name" VARCHAR_IGNORECASE(255) NOT NULL,\u000d\u000a\u0009"parent_entity_id" VARCHAR_IGNORECASE(36) NOT NULL,\u000d\u000a\u0009"child_entity_id" VARCHAR_IGNORECASE(36) NOT NULL,\u000d\u000a\u0009"parent_column_name" VARCHAR_IGNORECASE(255) NOT NULL,\u000d\u000a\u0009"child_column_name" VARCHAR_IGNORECASE(255) NOT NULL,\u000d\u000a\u0009"pk_index_name" VARCHAR_IGNORECASE(255) NULL,\u000d\u000a\u0009"index_name" VARCHAR_IGNORECASE(255) NULL,\u000d\u000a\u0009"parent_fkc_name" VARCHAR_IGNORECASE(255) NULL,\u000d\u000a\u0009"child_fkc_name" VARCHAR_IGNORECASE(255) NULL,\u000d\u000a\u0009"parent_fkc_action" SMALLINT NULL,\u000d\u000a\u0009"child_fkc_action" SMALLINT NULL,\u000d\u000a\u0009"storage_format" SMALLINT NULL,\u000d\u000a\u0009PRIMARY KEY("id"))
CREATE TABLE "mendixsystem$version" (\u000d\u000a\u0009"versionnumber" VARCHAR_IGNORECASE(255) NOT NULL,\u000d\u000a\u0009"lastsyncdate" TIMESTAMP NOT NULL,\u000d\u000a\u0009"preanalysismigrationversionnumber" VARCHAR_IGNORECASE(255) NOT NULL,\u000d\u000a\u0009"modelversionnumber" VARCHAR_IGNORECASE(255) NULL,\u000d\u000a\u0009"sprintrprojectname" VARCHAR_IGNORECASE(511) NULL,\u000d\u000a\u0009"mendixversion" VARCHAR_IGNORECASE(255) NULL,\u000d\u000a\u0009PRIMARY KEY("versionnumber"))
CREATE TABLE "mendixsystem$sequence" (\u000d\u000a\u0009"name" VARCHAR_IGNORECASE(255) NOT NULL,\u000d\u000a\u0009"attribute_id" VARCHAR_IGNORECASE(36) NOT NULL,\u000d\u000a\u0009"start_value" BIGINT NOT NULL,\u000d\u000a\u0009"current_value" BIGINT NULL,\u000d\u000a\u0009PRIMARY KEY("attribute_id"))
CREATE INDEX "idx_mendixsystem$sequence_name" ON "mendixsystem$sequence" ("name" ASC)
CREATE TABLE "mendixsystem$entityidentifier" (\u000d\u000a\u0009"id" VARCHAR_IGNORECASE(36) NOT NULL,\u000d\u000a\u0009"short_id" SMALLINT NULL,\u000d\u000a\u0009"object_sequence" BIGINT NULL,\u000d\u000a\u0009PRIMARY KEY("id"))
CREATE INDEX "idx_mendixsystem$entityidentifier_short_id" ON "mendixsystem$entityidentifier" ("short_id" ASC)
CREATE TABLE "mendixsystem$unique_constraint" (\u000d\u000a\u0009"name" VARCHAR_IGNORECASE(255) NOT NULL,\u000d\u000a\u0009"table_id" VARCHAR_IGNORECASE(36) NOT NULL,\u000d\u000a\u0009"column_id" VARCHAR_IGNORECASE(36) NOT NULL,\u000d\u000a\u0009PRIMARY KEY("name","column_id"))
CREATE TABLE "mendixsystem$remote_primary_key" (\u000d\u000a\u0009"id" VARCHAR_IGNORECASE(36) NOT NULL,\u000d\u000a\u0009"entity_id" VARCHAR_IGNORECASE(255) NOT NULL,\u000d\u000a\u0009"attribute_name" VARCHAR_IGNORECASE(255) NOT NULL,\u000d\u000a\u0009"column_name" VARCHAR_IGNORECASE(255) NOT NULL,\u000d\u000a\u0009"type" INT NOT NULL,\u000d\u000a\u0009"length" INT NULL,\u000d\u000a\u0009PRIMARY KEY("id"))
CREATE TABLE "system$language" (\u000d\u000a\u0009"id" BIGINT NOT NULL,\u000d\u000a\u0009"code" VARCHAR_IGNORECASE(20) NULL,\u000d\u000a\u0009"description" VARCHAR_IGNORECASE(200) NULL,\u000d\u000a\u0009PRIMARY KEY("id"))
INSERT INTO "mendixsystem$entity" VALUES('76805df3-dede-435f-92a6-d6525c68a693','System.Language','system$language',NULL,FALSE,FALSE)
INSERT INTO "mendixsystem$attribute" VALUES('88390044-5b74-4e71-8b88-a6e4e91f6f2e','76805df3-dede-435f-92a6-d6525c68a693','Code','code',30,20,'',FALSE)
INSERT INTO "mendixsystem$attribute" VALUES('d879cb38-5630-4fdf-9e39-f03da0aa8ede','76805df3-dede-435f-92a6-d6525c68a693','Description','description',30,200,'',FALSE)
COMMIT
CREATE TABLE "system$autocommitentry" (\u000d\u000a\u0009"id" BIGINT NOT NULL,\u000d\u000a\u0009"sessionid" VARCHAR_IGNORECASE(36) NULL,\u000d\u000a\u0009"objectid" BIGINT NULL,\u000d\u000a\u0009"createddate" TIMESTAMP NULL,\u000d\u000a\u0009PRIMARY KEY("id"))
CREATE INDEX "idx_system$autocommitentry_sessionid_asc_objectid_asc" ON "system$autocommitentry" ("sessionid" ASC,"objectid" ASC,"id" ASC)
INSERT INTO "mendixsystem$entity" VALUES('67c28960-7a7a-11e6-bdf4-0800200c9a66','System.AutoCommitEntry','system$autocommitentry',NULL,FALSE,FALSE)
INSERT INTO "mendixsystem$attribute" VALUES('67c28961-7a7a-11e6-bdf4-0800200c9a66','67c28960-7a7a-11e6-bdf4-0800200c9a66','SessionId','sessionid',30,36,'',FALSE)
INSERT INTO "mendixsystem$attribute" VALUES('67c28962-7a7a-11e6-bdf4-0800200c9a66','67c28960-7a7a-11e6-bdf4-0800200c9a66','ObjectId','objectid',4,0,'0',FALSE)
INSERT INTO "mendixsystem$attribute" VALUES('bbe9c632-f0be-31a1-a709-ab0d57c79c84','67c28960-7a7a-11e6-bdf4-0800200c9a66','createdDate','createddate',20,0,'',FALSE)
INSERT INTO "mendixsystem$index" VALUES('67c28963-7a7a-11e6-bdf4-0800200c9a66','67c28960-7a7a-11e6-bdf4-0800200c9a66','idx_system$autocommitentry_sessionid_asc_objectid_asc')
INSERT INTO "mendixsystem$index_column" VALUES('67c28963-7a7a-11e6-bdf4-0800200c9a66','67c28961-7a7a-11e6-bdf4-0800200c9a66',FALSE,0)
INSERT INTO "mendixsystem$index_column" VALUES('67c28963-7a7a-11e6-bdf4-0800200c9a66','67c28962-7a7a-11e6-bdf4-0800200c9a66',FALSE,1)
COMMIT
CREATE TABLE "myfirstmodule$kategorija" (\u000d\u000a\u0009"id" BIGINT NOT NULL,\u000d\u000a\u0009"nazivkategorije" VARCHAR_IGNORECASE(200) NULL,\u000d\u000a\u0009"myfirstmodule$kategorija_preduzece" BIGINT NULL,\u000d\u000a\u0009PRIMARY KEY("id"))
CREATE INDEX "idx_myfirstmodule$kategorija_myfirstmodule$kategorija_preduzece" ON "myfirstmodule$kategorija" ("myfirstmodule$kategorija_preduzece" ASC,"id" ASC)
INSERT INTO "mendixsystem$entity" VALUES('34cd2fbd-e9d8-4b1c-9235-bc6df34da129','MyFirstModule.Kategorija','myfirstmodule$kategorija',NULL,FALSE,FALSE)
INSERT INTO "mendixsystem$attribute" VALUES('8c421a84-a3b7-446b-a201-3f68d8007fe7','34cd2fbd-e9d8-4b1c-9235-bc6df34da129','nazivKategorije','nazivkategorije',30,200,'',FALSE)
INSERT INTO "mendixsystem$index" VALUES('69bcd4d5-504e-3767-8bf9-c1b3947c1ae3','34cd2fbd-e9d8-4b1c-9235-bc6df34da129','idx_myfirstmodule$kategorija_myfirstmodule$kategorija_preduzece')
INSERT INTO "mendixsystem$index_column" VALUES('69bcd4d5-504e-3767-8bf9-c1b3947c1ae3','be02314f-bb0f-4576-abfa-7bd997db21db',FALSE,0)
INSERT INTO "mendixsystem$association" VALUES('be02314f-bb0f-4576-abfa-7bd997db21db','MyFirstModule.Kategorija_Preduzece','myfirstmodule$kategorija','34cd2fbd-e9d8-4b1c-9235-bc6df34da129','5a08e249-ed51-4aaf-a3ea-9ea055ce8837','id','myfirstmodule$kategorija_preduzece',NULL,NULL,NULL,'frn_myfirstmodule$kategorija_myfirstmodule$kategorija_preduzece',NULL,2,1)
COMMIT
CREATE TABLE "myfirstmodule$robnakartica" (\u000d\u000a\u0009"id" BIGINT NOT NULL,\u000d\u000a\u0009"pocstanjekolicina" DECIMAL(28, 8) NULL,\u000d\u000a\u0009"prometulazakolicina" DECIMAL(28, 8) NULL,\u000d\u000a\u0009"prometizlazakolicina" DECIMAL(28, 8) NULL,\u000d\u000a\u0009"ukupnakolicina" DECIMAL(28, 8) NULL,\u000d\u000a\u0009"pocstanjevrednost" DECIMAL(28, 8) NULL,\u000d\u000a\u0009"prometulazavrednost" DECIMAL(28, 8) NULL,\u000d\u000a\u0009"prometizlazavrednost" DECIMAL(28, 8) NULL,\u000d\u000a\u0009"ukupnavrednost" DECIMAL(28, 8) NULL,\u000d\u000a\u0009"cena" DECIMAL(28, 8) NULL,\u000d\u000a\u0009"myfirstmodule$robnakartica_poslovnagodina" BIGINT NULL,\u000d\u000a\u0009"myfirstmodule$robnakartica_robailiusluga" BIGINT NULL,\u000d\u000a\u0009"myfirstmodule$robnakartica_magacin" BIGINT NULL,\u000d\u000a\u0009PRIMARY KEY("id"))
CREATE INDEX "idx_myfirstmodule$robnakartica_myfirstmodule$robnakartica_poslovnagodina" ON "myfirstmodule$robnakartica" ("myfirstmodule$robnakartica_poslovnagodina" ASC,"id" ASC)
CREATE INDEX "idx_myfirstmodule$robnakartica_myfirstmodule$robnakartica_robailiusluga" ON "myfirstmodule$robnakartica" ("myfirstmodule$robnakartica_robailiusluga" ASC,"id" ASC)
CREATE INDEX "idx_myfirstmodule$robnakartica_myfirstmodule$robnakartica_magacin" ON "myfirstmodule$robnakartica" ("myfirstmodule$robnakartica_magacin" ASC,"id" ASC)
INSERT INTO "mendixsystem$entity" VALUES('7df7c2ec-0e85-4184-904d-e28be20102e5','MyFirstModule.RobnaKartica','myfirstmodule$robnakartica',NULL,FALSE,FALSE)
INSERT INTO "mendixsystem$attribute" VALUES('0f5668a6-d219-4916-849f-55ef699061d2','7df7c2ec-0e85-4184-904d-e28be20102e5','pocStanjeKolicina','pocstanjekolicina',5,0,'0',FALSE)
INSERT INTO "mendixsystem$attribute" VALUES('965f9082-4151-4152-9e11-bc92108693a5','7df7c2ec-0e85-4184-904d-e28be20102e5','prometUlazaKolicina','prometulazakolicina',5,0,'0',FALSE)
INSERT INTO "mendixsystem$attribute" VALUES('df0b6166-c9c0-42bc-8f9c-164e1a2ebd45','7df7c2ec-0e85-4184-904d-e28be20102e5','prometIzlazaKolicina','prometizlazakolicina',5,0,'0',FALSE)
INSERT INTO "mendixsystem$attribute" VALUES('3767df67-5dfa-4599-8a00-354d49da7867','7df7c2ec-0e85-4184-904d-e28be20102e5','ukupnaKolicina','ukupnakolicina',5,0,'0',FALSE)
INSERT INTO "mendixsystem$attribute" VALUES('04617ad8-8ca1-4acb-987f-adbebfa584f7','7df7c2ec-0e85-4184-904d-e28be20102e5','pocStanjeVrednost','pocstanjevrednost',5,0,'0',FALSE)
INSERT INTO "mendixsystem$attribute" VALUES('c6149a02-c9c3-429e-9396-5bf0598d9fb8','7df7c2ec-0e85-4184-904d-e28be20102e5','prometUlazaVrednost','prometulazavrednost',5,0,'0',FALSE)
INSERT INTO "mendixsystem$attribute" VALUES('fe9ffda3-870f-490f-a87c-4af4827c5707','7df7c2ec-0e85-4184-904d-e28be20102e5','prometIzlazaVrednost','prometizlazavrednost',5,0,'0',FALSE)
INSERT INTO "mendixsystem$attribute" VALUES('7769ea28-4294-4b62-aa30-11ad42776aab','7df7c2ec-0e85-4184-904d-e28be20102e5','ukupnaVrednost','ukupnavrednost',5,0,'0',FALSE)
INSERT INTO "mendixsystem$attribute" VALUES('9a641ab6-c9bb-43ad-88d1-6c417e9b4d73','7df7c2ec-0e85-4184-904d-e28be20102e5','cena','cena',5,0,'0',FALSE)
INSERT INTO "mendixsystem$index" VALUES('ceae231e-7906-3225-a4fb-180e51755312','7df7c2ec-0e85-4184-904d-e28be20102e5','idx_myfirstmodule$robnakartica_myfirstmodule$robnakartica_poslovnagodina')
INSERT INTO "mendixsystem$index_column" VALUES('ceae231e-7906-3225-a4fb-180e51755312','c89b0cde-99e9-408a-b570-5be6ffc5f22f',FALSE,0)
INSERT INTO "mendixsystem$index" VALUES('969f0b15-26cf-38a7-8e41-ff1eb504616e','7df7c2ec-0e85-4184-904d-e28be20102e5','idx_myfirstmodule$robnakartica_myfirstmodule$robnakartica_robailiusluga')
INSERT INTO "mendixsystem$index_column" VALUES('969f0b15-26cf-38a7-8e41-ff1eb504616e','fc2e8d2d-0b0b-460a-aa2c-873117e93fb5',FALSE,0)
INSERT INTO "mendixsystem$index" VALUES('04e64258-f321-3087-89f8-f22db1cc8d48','7df7c2ec-0e85-4184-904d-e28be20102e5','idx_myfirstmodule$robnakartica_myfirstmodule$robnakartica_magacin')
INSERT INTO "mendixsystem$index_column" VALUES('04e64258-f321-3087-89f8-f22db1cc8d48','6552d693-26c2-4cd2-931e-07c8e366ad9a',FALSE,0)
INSERT INTO "mendixsystem$association" VALUES('c89b0cde-99e9-408a-b570-5be6ffc5f22f','MyFirstModule.RobnaKartica_PoslovnaGodina','myfirstmodule$robnakartica','7df7c2ec-0e85-4184-904d-e28be20102e5','7a2371c6-62d4-404f-b08a-4e60cc8df1a8','id','myfirstmodule$robnakartica_poslovnagodina',NULL,NULL,NULL,'frn_myfirstmodule$robnakartica_myfirstmodule$robnakartica_poslovnagodina',NULL,2,1)
INSERT INTO "mendixsystem$association" VALUES('fc2e8d2d-0b0b-460a-aa2c-873117e93fb5','MyFirstModule.RobnaKartica_RobaIliUsluga','myfirstmodule$robnakartica','7df7c2ec-0e85-4184-904d-e28be20102e5','ec0f07a2-68c8-4eed-8c4e-5b2a316152f5','id','myfirstmodule$robnakartica_robailiusluga',NULL,NULL,NULL,'frn_myfirstmodule$robnakartica_myfirstmodule$robnakartica_robailiusluga',NULL,2,1)
INSERT INTO "mendixsystem$association" VALUES('6552d693-26c2-4cd2-931e-07c8e366ad9a','MyFirstModule.RobnaKartica_Magacin','myfirstmodule$robnakartica','7df7c2ec-0e85-4184-904d-e28be20102e5','f8bdacae-115a-482d-8d08-47574f9272c0','id','myfirstmodule$robnakartica_magacin',NULL,NULL,NULL,'frn_myfirstmodule$robnakartica_myfirstmodule$robnakartica_magacin',NULL,2,1)
COMMIT
CREATE TABLE "system$workflowactivity" (\u000d\u000a\u0009"id" BIGINT NOT NULL,\u000d\u000a\u0009"modelguid" VARCHAR_IGNORECASE(36) NULL,\u000d\u000a\u0009"activityguid" VARCHAR_IGNORECASE(36) NULL,\u000d\u000a\u0009"caption" VARCHAR_IGNORECASE(2147483647) NULL,\u000d\u000a\u0009"detailsjson" VARCHAR_IGNORECASE(2147483647) NULL,\u000d\u000a\u0009"state" VARCHAR_IGNORECASE(9) NULL,\u000d\u000a\u0009"starttime" TIMESTAMP NULL,\u000d\u000a\u0009"endtime" TIMESTAMP NULL,\u000d\u000a\u0009"actiontime" TIMESTAMP NULL,\u000d\u000a\u0009"reason" VARCHAR_IGNORECASE(2147483647) NULL,\u000d\u000a\u0009"activityhash" VARCHAR_IGNORECASE(200) NULL,\u000d\u000a\u0009"isderivedactivity" BOOLEAN NULL,\u000d\u000a\u0009"outcome" VARCHAR_IGNORECASE(200) NULL,\u000d\u000a\u0009"outcomemodelguid" VARCHAR_IGNORECASE(36) NULL,\u000d\u000a\u0009"system$workflowactivity_actor" BIGINT NULL,\u000d\u000a\u0009"system$workflowactivity_workflow" BIGINT NULL,\u000d\u000a\u0009"system$workflowactivity_workflowversion" BIGINT NULL,\u000d\u000a\u0009"system$workflowactivity_workflowusertask" BIGINT NULL,\u000d\u000a\u0009"system$workflowactivity_subworkflow" BIGINT NULL,\u000d\u000a\u0009PRIMARY KEY("id"))
CREATE INDEX "idx_system$workflowactivity_system$workflowactivity_actor" ON "system$workflowactivity" ("system$workflowactivity_actor" ASC,"id" ASC)
CREATE INDEX "idx_system$workflowactivity_system$workflowactivity_workflow" ON "system$workflowactivity" ("system$workflowactivity_workflow" ASC,"id" ASC)
CREATE INDEX "idx_system$workflowactivity_system$workflowactivity_workflowversion" ON "system$workflowactivity" ("system$workflowactivity_workflowversion" ASC,"id" ASC)
CREATE INDEX "idx_system$workflowactivity_system$workflowactivity_workflowusertask" ON "system$workflowactivity" ("system$workflowactivity_workflowusertask" ASC,"id" ASC)
CREATE INDEX "idx_system$workflowactivity_system$workflowactivity_subworkflow" ON "system$workflowactivity" ("system$workflowactivity_subworkflow" ASC,"id" ASC)
INSERT INTO "mendixsystem$entity" VALUES('a5952592-bb2c-4798-9805-f9ff91ad97de','System.WorkflowActivity','system$workflowactivity',NULL,FALSE,FALSE)
INSERT INTO "mendixsystem$attribute" VALUES('941e921b-8935-402e-9d93-7894c5cc9164','a5952592-bb2c-4798-9805-f9ff91ad97de','ModelGUID','modelguid',30,36,'',FALSE)
INSERT INTO "mendixsystem$attribute" VALUES('11384083-d925-4b16-a625-60af27227bb4','a5952592-bb2c-4798-9805-f9ff91ad97de','ActivityGUID','activityguid',30,36,'',FALSE)
INSERT INTO "mendixsystem$attribute" VALUES('3236d0ea-2456-447a-b2ff-fc3b10a6ddb2','a5952592-bb2c-4798-9805-f9ff91ad97de','Caption','caption',30,0,'',FALSE)
INSERT INTO "mendixsystem$attribute" VALUES('f3e0983a-dbe5-4287-af2d-9f455e847851','a5952592-bb2c-4798-9805-f9ff91ad97de','DetailsJson','detailsjson',30,0,'',FALSE)
INSERT INTO "mendixsystem$attribute" VALUES('b0f8b9bd-f006-43a3-9c9f-edb70cd1642c','a5952592-bb2c-4798-9805-f9ff91ad97de','State','state',40,9,'Started',FALSE)
INSERT INTO "mendixsystem$attribute" VALUES('1c9a62fd-2e39-4fd3-92a4-748940ae67ba','a5952592-bb2c-4798-9805-f9ff91ad97de','StartTime','starttime',20,0,'',FALSE)
INSERT INTO "mendixsystem$attribute" VALUES('dc169e92-887a-4fc5-a21e-51d99b41314b','a5952592-bb2c-4798-9805-f9ff91ad97de','EndTime','endtime',20,0,'',FALSE)
INSERT INTO "mendixsystem$attribute" VALUES('431cc58a-fc36-427b-82e5-0751fc5fce22','a5952592-bb2c-4798-9805-f9ff91ad97de','ActionTime','actiontime',20,0,'',FALSE)
INSERT INTO "mendixsystem$attribute" VALUES('3b8d6bea-dfb5-497b-b2ad-c423efbd66eb','a5952592-bb2c-4798-9805-f9ff91ad97de','Reason','reason',30,0,'',FALSE)
INSERT INTO "mendixsystem$attribute" VALUES('84cfff18-42dc-4442-b783-3ca923fcde81','a5952592-bb2c-4798-9805-f9ff91ad97de','ActivityHash','activityhash',30,200,'',FALSE)
INSERT INTO "mendixsystem$attribute" VALUES('cace349b-8e30-437e-95df-c4fd4225490d','a5952592-bb2c-4798-9805-f9ff91ad97de','IsDerivedActivity','isderivedactivity',10,0,'false',FALSE)
INSERT INTO "mendixsystem$attribute" VALUES('a23daff4-8363-47ea-862f-4c85a29929a2','a5952592-bb2c-4798-9805-f9ff91ad97de','Outcome','outcome',30,200,'',FALSE)
INSERT INTO "mendixsystem$attribute" VALUES('c39dca31-4f4a-4e52-a633-aa7840fd0894','a5952592-bb2c-4798-9805-f9ff91ad97de','OutcomeModelGUID','outcomemodelguid',30,36,'',FALSE)
INSERT INTO "mendixsystem$index" VALUES('fc32dcde-2462-3c07-ace2-a33da00349e9','a5952592-bb2c-4798-9805-f9ff91ad97de','idx_system$workflowactivity_system$workflowactivity_actor')
INSERT INTO "mendixsystem$index_column" VALUES('fc32dcde-2462-3c07-ace2-a33da00349e9','63446029-b863-4c07-ab91-22219be89b70',FALSE,0)
INSERT INTO "mendixsystem$index" VALUES('1e3784cf-6177-3e3a-8277-9d1999f8c4e8','a5952592-bb2c-4798-9805-f9ff91ad97de','idx_system$workflowactivity_system$workflowactivity_workflow')
INSERT INTO "mendixsystem$index_column" VALUES('1e3784cf-6177-3e3a-8277-9d1999f8c4e8','ef863cc9-2d20-4a74-af65-0320a76b6a10',FALSE,0)
INSERT INTO "mendixsystem$index" VALUES('abe33237-7fe7-3468-840b-a11841e385c4','a5952592-bb2c-4798-9805-f9ff91ad97de','idx_system$workflowactivity_system$workflowactivity_workflowversion')
INSERT INTO "mendixsystem$index_column" VALUES('abe33237-7fe7-3468-840b-a11841e385c4','2e5166f9-7430-4265-8465-f7405d6fe1e9',FALSE,0)
INSERT INTO "mendixsystem$index" VALUES('007fd92f-d6cd-353c-98c2-073bec241ca5','a5952592-bb2c-4798-9805-f9ff91ad97de','idx_system$workflowactivity_system$workflowactivity_workflowusertask')
INSERT INTO "mendixsystem$index_column" VALUES('007fd92f-d6cd-353c-98c2-073bec241ca5','aaebf783-447c-4386-ba25-969132aa6f7c',FALSE,0)
INSERT INTO "mendixsystem$index" VALUES('f4c2afc0-bdfa-3a18-814a-aa54ecc1343d','a5952592-bb2c-4798-9805-f9ff91ad97de','idx_system$workflowactivity_system$workflowactivity_subworkflow')
INSERT INTO "mendixsystem$index_column" VALUES('f4c2afc0-bdfa-3a18-814a-aa54ecc1343d','5c89ec5d-0378-4afd-afd4-0e7a9fde45a9',FALSE,0)
INSERT INTO "mendixsystem$association" VALUES('63446029-b863-4c07-ab91-22219be89b70','System.WorkflowActivity_Actor','system$workflowactivity','a5952592-bb2c-4798-9805-f9ff91ad97de','282e2e60-88a5-469d-84a5-ba8d9151644f','id','system$workflowactivity_actor',NULL,NULL,NULL,'frn_system$workflowactivity_system$workflowactivity_actor',NULL,2,1)
INSERT INTO "mendixsystem$association" VALUES('ef863cc9-2d20-4a74-af65-0320a76b6a10','System.WorkflowActivity_Workflow','system$workflowactivity','a5952592-bb2c-4798-9805-f9ff91ad97de','2ae37bf5-ecb8-4c55-b967-d7383925b208','id','system$workflowactivity_workflow',NULL,NULL,NULL,'frn_system$workflowactivity_system$workflowactivity_workflow',NULL,2,1)
INSERT INTO "mendixsystem$association" VALUES('2e5166f9-7430-4265-8465-f7405d6fe1e9','System.WorkflowActivity_WorkflowVersion','system$workflowactivity','a5952592-bb2c-4798-9805-f9ff91ad97de','30834a21-e81c-4cbf-a10b-5f60f5fddc82','id','system$workflowactivity_workflowversion',NULL,NULL,NULL,'frn_system$workflowactivity_system$workflowactivity_workflowversion',NULL,2,1)
INSERT INTO "mendixsystem$association" VALUES('aaebf783-447c-4386-ba25-969132aa6f7c','System.WorkflowActivity_WorkflowUserTask','system$workflowactivity','a5952592-bb2c-4798-9805-f9ff91ad97de','3729d27c-735b-457a-b210-9dffb125c3f3','id','system$workflowactivity_workflowusertask',NULL,NULL,NULL,'frn_system$workflowactivity_system$workflowactivity_workflowusertask',NULL,2,1)
INSERT INTO "mendixsystem$association" VALUES('5c89ec5d-0378-4afd-afd4-0e7a9fde45a9','System.WorkflowActivity_SubWorkflow','system$workflowactivity','a5952592-bb2c-4798-9805-f9ff91ad97de','2ae37bf5-ecb8-4c55-b967-d7383925b208','id','system$workflowactivity_subworkflow',NULL,NULL,NULL,'frn_system$workflowactivity_system$workflowactivity_subworkflow',NULL,2,1)
COMMIT
CREATE TABLE "system$backgroundjob" (\u000d\u000a\u0009"id" BIGINT NOT NULL,\u000d\u000a\u0009"jobid" BIGINT NULL,\u000d\u000a\u0009"starttime" TIMESTAMP NULL,\u000d\u000a\u0009"endtime" TIMESTAMP NULL,\u000d\u000a\u0009"result" VARCHAR_IGNORECASE(2147483647) NULL,\u000d\u000a\u0009"successful" BOOLEAN NULL,\u000d\u000a\u0009"system$backgroundjob_session" BIGINT NULL,\u000d\u000a\u0009"system$backgroundjob_xasinstance" BIGINT NULL,\u000d\u000a\u0009PRIMARY KEY("id"))
CREATE INDEX "idx_system$backgroundjob_jobid_asc" ON "system$backgroundjob" ("jobid" ASC,"id" ASC)
CREATE INDEX "idx_system$backgroundjob_system$backgroundjob_session" ON "system$backgroundjob" ("system$backgroundjob_session" ASC,"id" ASC)
CREATE INDEX "idx_system$backgroundjob_system$backgroundjob_xasinstance" ON "system$backgroundjob" ("system$backgroundjob_xasinstance" ASC,"id" ASC)
INSERT INTO "mendixsystem$entity" VALUES('660db38b-5ab4-4d15-b649-93a947ecea82','System.BackgroundJob','system$backgroundjob',NULL,FALSE,FALSE)
INSERT INTO "mendixsystem$attribute" VALUES('97bcc327-4d2b-4a28-a57a-7e7437416bfe','660db38b-5ab4-4d15-b649-93a947ecea82','JobId','jobid',4,0,'0',FALSE)
INSERT INTO "mendixsystem$attribute" VALUES('d5aa1ceb-6dfe-457b-afb7-e969a814eafd','660db38b-5ab4-4d15-b649-93a947ecea82','StartTime','starttime',20,0,'',FALSE)
INSERT INTO "mendixsystem$attribute" VALUES('9c471b02-f266-4e27-9e2f-907d0fad6552','660db38b-5ab4-4d15-b649-93a947ecea82','EndTime','endtime',20,0,'',FALSE)
INSERT INTO "mendixsystem$attribute" VALUES('c33867e7-7263-4ce6-826a-714e7493f07a','660db38b-5ab4-4d15-b649-93a947ecea82','Result','result',30,0,'',FALSE)
INSERT INTO "mendixsystem$attribute" VALUES('c56553ba-a3d4-4d9e-bc81-e61ee64da79b','660db38b-5ab4-4d15-b649-93a947ecea82','Successful','successful',10,0,'false',FALSE)
INSERT INTO "mendixsystem$index" VALUES('a5ff48ca-56d6-4f43-8e3a-7743fd025974','660db38b-5ab4-4d15-b649-93a947ecea82','idx_system$backgroundjob_jobid_asc')
INSERT INTO "mendixsystem$index_column" VALUES('a5ff48ca-56d6-4f43-8e3a-7743fd025974','97bcc327-4d2b-4a28-a57a-7e7437416bfe',FALSE,0)
INSERT INTO "mendixsystem$index" VALUES('8a445938-f7b7-337a-aa71-b9b615f0eb78','660db38b-5ab4-4d15-b649-93a947ecea82','idx_system$backgroundjob_system$backgroundjob_session')
INSERT INTO "mendixsystem$index_column" VALUES('8a445938-f7b7-337a-aa71-b9b615f0eb78','19892a2b-f17a-4c29-80c1-c81f8025b36c',FALSE,0)
INSERT INTO "mendixsystem$index" VALUES('664ee0e2-801b-30a9-add7-4f9557521e55','660db38b-5ab4-4d15-b649-93a947ecea82','idx_system$backgroundjob_system$backgroundjob_xasinstance')
INSERT INTO "mendixsystem$index_column" VALUES('664ee0e2-801b-30a9-add7-4f9557521e55','fc3944c4-7a19-4a4d-9b0d-4a0c9d7aeb23',FALSE,0)
INSERT INTO "mendixsystem$association" VALUES('19892a2b-f17a-4c29-80c1-c81f8025b36c','System.BackgroundJob_Session','system$backgroundjob','660db38b-5ab4-4d15-b649-93a947ecea82','37f9fd49-5318-4c63-9a51-f761779b202f','id','system$backgroundjob_session',NULL,NULL,NULL,'frn_system$backgroundjob_system$backgroundjob_session',NULL,2,1)
INSERT INTO "mendixsystem$association" VALUES('fc3944c4-7a19-4a4d-9b0d-4a0c9d7aeb23','System.BackgroundJob_XASInstance','system$backgroundjob','660db38b-5ab4-4d15-b649-93a947ecea82','d4154981-8dac-4150-aec5-efa3ef62a7a2','id','system$backgroundjob_xasinstance',NULL,NULL,NULL,'frn_system$backgroundjob_system$backgroundjob_xasinstance',NULL,2,1)
COMMIT
CREATE TABLE "system$offlinecreatedguids" (\u000d\u000a\u0009"id" BIGINT NOT NULL,\u000d\u000a\u0009"guid" VARCHAR_IGNORECASE(200) NULL,\u000d\u000a\u0009"createddate" TIMESTAMP NULL,\u000d\u000a\u0009PRIMARY KEY("id"),\u000d\u000a\u0009CONSTRAINT "uniq_system$offlinecreatedguids_guid" UNIQUE ("guid"))
INSERT INTO "mendixsystem$entity" VALUES('89cea6a8-a2df-4925-85e4-2b0c447e98c3','System.OfflineCreatedGuids','system$offlinecreatedguids',NULL,FALSE,FALSE)
INSERT INTO "mendixsystem$attribute" VALUES('7919a281-0b72-4dc4-87e1-fffaced4c8d1','89cea6a8-a2df-4925-85e4-2b0c447e98c3','Guid','guid',30,200,'',FALSE)
INSERT INTO "mendixsystem$attribute" VALUES('22289399-6f82-3eda-bbdf-15ddacf9f408','89cea6a8-a2df-4925-85e4-2b0c447e98c3','createdDate','createddate',20,0,'',FALSE)
INSERT INTO "mendixsystem$unique_constraint" VALUES('uniq_system$offlinecreatedguids_guid','89cea6a8-a2df-4925-85e4-2b0c447e98c3','7919a281-0b72-4dc4-87e1-fffaced4c8d1')
COMMIT
CREATE TABLE "myfirstmodule$poslovnipartner" (\u000d\u000a\u0009"id" BIGINT NOT NULL,\u000d\u000a\u0009"vrstapartnera" VARCHAR_IGNORECASE(9) NULL,\u000d\u000a\u0009"myfirstmodule$poslovnipartner_preduzece" BIGINT NULL,\u000d\u000a\u0009PRIMARY KEY("id"))
CREATE INDEX "idx_myfirstmodule$poslovnipartner_myfirstmodule$poslovnipartner_preduzece" ON "myfirstmodule$poslovnipartner" ("myfirstmodule$poslovnipartner_preduzece" ASC,"id" ASC)
INSERT INTO "mendixsystem$entity" VALUES('810e9e9b-6158-4c57-9d2a-b26e8a573215','MyFirstModule.PoslovniPartner','myfirstmodule$poslovnipartner',NULL,FALSE,FALSE)
INSERT INTO "mendixsystem$attribute" VALUES('eae51707-6d4c-49b4-b30f-6fccd9695716','810e9e9b-6158-4c57-9d2a-b26e8a573215','vrstaPartnera','vrstapartnera',40,9,'',FALSE)
INSERT INTO "mendixsystem$index" VALUES('9d3647e9-935b-3158-bd6a-2c80aac31b13','810e9e9b-6158-4c57-9d2a-b26e8a573215','idx_myfirstmodule$poslovnipartner_myfirstmodule$poslovnipartner_preduzece')
INSERT INTO "mendixsystem$index_column" VALUES('9d3647e9-935b-3158-bd6a-2c80aac31b13','c7669aee-f584-4fc2-940f-93fd3efa4f59',FALSE,0)
INSERT INTO "mendixsystem$association" VALUES('c7669aee-f584-4fc2-940f-93fd3efa4f59','MyFirstModule.PoslovniPartner_Preduzece','myfirstmodule$poslovnipartner','810e9e9b-6158-4c57-9d2a-b26e8a573215','5a08e249-ed51-4aaf-a3ea-9ea055ce8837','id','myfirstmodule$poslovnipartner_preduzece',NULL,NULL,NULL,'frn_myfirstmodule$poslovnipartner_myfirstmodule$poslovnipartner_preduzece',NULL,2,1)
COMMIT
CREATE TABLE "prodaja$iznospdv" (\u000d\u000a\u0009"id" BIGINT NOT NULL,\u000d\u000a\u0009"iznos" DECIMAL(28, 8) NULL,\u000d\u000a\u0009"stopapdv" VARCHAR_IGNORECASE(10) NULL,\u000d\u000a\u0009"vaziod" TIMESTAMP NULL,\u000d\u000a\u0009"prodaja$iznospdv_preduzece" BIGINT NULL,\u000d\u000a\u0009PRIMARY KEY("id"))
CREATE INDEX "idx_prodaja$iznospdv_prodaja$iznospdv_preduzece" ON "prodaja$iznospdv" ("prodaja$iznospdv_preduzece" ASC,"id" ASC)
INSERT INTO "mendixsystem$entity" VALUES('afa08dbb-7919-4152-b2ce-bce9d5045f15','Prodaja.IznosPDV','prodaja$iznospdv',NULL,FALSE,FALSE)
INSERT INTO "mendixsystem$attribute" VALUES('ceaeaeb0-921a-4299-8653-9dab2d5f8960','afa08dbb-7919-4152-b2ce-bce9d5045f15','iznos','iznos',5,0,'0',FALSE)
INSERT INTO "mendixsystem$attribute" VALUES('1bc13fdc-8e57-4a4e-95a3-fde561384178','afa08dbb-7919-4152-b2ce-bce9d5045f15','stopaPDV','stopapdv',40,10,'',FALSE)
INSERT INTO "mendixsystem$attribute" VALUES('9bf033da-8337-4b58-bb76-bda4f51f9a0a','afa08dbb-7919-4152-b2ce-bce9d5045f15','vaziOd','vaziod',20,0,'',FALSE)
INSERT INTO "mendixsystem$index" VALUES('fc86ef16-f7bc-3f7f-88e4-6c85b8785e36','afa08dbb-7919-4152-b2ce-bce9d5045f15','idx_prodaja$iznospdv_prodaja$iznospdv_preduzece')
INSERT INTO "mendixsystem$index_column" VALUES('fc86ef16-f7bc-3f7f-88e4-6c85b8785e36','595b2744-5488-4365-bc91-668cd8ee2f25',FALSE,0)
INSERT INTO "mendixsystem$association" VALUES('595b2744-5488-4365-bc91-668cd8ee2f25','Prodaja.IznosPDV_Preduzece','prodaja$iznospdv','afa08dbb-7919-4152-b2ce-bce9d5045f15','5a08e249-ed51-4aaf-a3ea-9ea055ce8837','id','prodaja$iznospdv_preduzece',NULL,NULL,NULL,'frn_prodaja$iznospdv_prodaja$iznospdv_preduzece',NULL,2,1)
COMMIT
CREATE TABLE "system$changehash" (\u000d\u000a\u0009"id" BIGINT NOT NULL,\u000d\u000a\u0009"objectid" BIGINT NULL,\u000d\u000a\u0009"attribute" VARCHAR_IGNORECASE(200) NULL,\u000d\u000a\u0009"hash" VARCHAR_IGNORECASE(200) NULL,\u000d\u000a\u0009"createddate" TIMESTAMP NULL,\u000d\u000a\u0009"system$changehash_session" BIGINT NULL,\u000d\u000a\u0009PRIMARY KEY("id"))
CREATE INDEX "idx_system$changehash_system$changehash_session" ON "system$changehash" ("system$changehash_session" ASC,"id" ASC)
INSERT INTO "mendixsystem$entity" VALUES('24f72d72-3c66-46e4-a08b-09daf0f451d8','System.ChangeHash','system$changehash',NULL,FALSE,FALSE)
INSERT INTO "mendixsystem$attribute" VALUES('47b5e625-85c7-431f-8aaa-3d1e532287f9','24f72d72-3c66-46e4-a08b-09daf0f451d8','ObjectId','objectid',4,0,'0',FALSE)
INSERT INTO "mendixsystem$attribute" VALUES('28dc5eba-42c6-4602-ac97-35eda6b366b0','24f72d72-3c66-46e4-a08b-09daf0f451d8','Attribute','attribute',30,200,'',FALSE)
INSERT INTO "mendixsystem$attribute" VALUES('a142f7d6-8ed6-4753-8706-d5938e9879aa','24f72d72-3c66-46e4-a08b-09daf0f451d8','Hash','hash',30,200,'',FALSE)
INSERT INTO "mendixsystem$attribute" VALUES('13f98cae-7256-37ee-a5de-fdb7aa36e8b5','24f72d72-3c66-46e4-a08b-09daf0f451d8','createdDate','createddate',20,0,'',FALSE)
INSERT INTO "mendixsystem$index" VALUES('512d2537-2e3b-3d3c-b8be-69bcd06ced63','24f72d72-3c66-46e4-a08b-09daf0f451d8','idx_system$changehash_system$changehash_session')
INSERT INTO "mendixsystem$index_column" VALUES('512d2537-2e3b-3d3c-b8be-69bcd06ced63','1aa853ae-4871-4f54-9716-af1e36b6b031',FALSE,0)
INSERT INTO "mendixsystem$association" VALUES('1aa853ae-4871-4f54-9716-af1e36b6b031','System.ChangeHash_Session','system$changehash','24f72d72-3c66-46e4-a08b-09daf0f451d8','37f9fd49-5318-4c63-9a51-f761779b202f','id','system$changehash_session',NULL,NULL,NULL,'frn_system$changehash_system$changehash_session',NULL,2,1)
COMMIT
CREATE TABLE "system$workflowversion" (\u000d\u000a\u0009"id" BIGINT NOT NULL,\u000d\u000a\u0009"versionhash" VARCHAR_IGNORECASE(200) NULL,\u000d\u000a\u0009"modeljson" VARCHAR_IGNORECASE(2147483647) NULL,\u000d\u000a\u0009"system$workflowversion_previousversion" BIGINT NULL,\u000d\u000a\u0009"system$workflowversion_workflowdefinition" BIGINT NULL,\u000d\u000a\u0009PRIMARY KEY("id"))
CREATE INDEX "idx_system$workflowversion_system$workflowversion_previousversion" ON "system$workflowversion" ("system$workflowversion_previousversion" ASC,"id" ASC)
CREATE INDEX "idx_system$workflowversion_system$workflowversion_workflowdefinition" ON "system$workflowversion" ("system$workflowversion_workflowdefinition" ASC,"id" ASC)
INSERT INTO "mendixsystem$entity" VALUES('30834a21-e81c-4cbf-a10b-5f60f5fddc82','System.WorkflowVersion','system$workflowversion',NULL,FALSE,FALSE)
INSERT INTO "mendixsystem$attribute" VALUES('ee842048-ff1d-4ea4-80b3-2d1123437d5f','30834a21-e81c-4cbf-a10b-5f60f5fddc82','VersionHash','versionhash',30,200,'',FALSE)
INSERT INTO "mendixsystem$attribute" VALUES('2c5449d3-09f4-463f-8a99-439c6cb74fed','30834a21-e81c-4cbf-a10b-5f60f5fddc82','ModelJSON','modeljson',30,0,'',FALSE)
INSERT INTO "mendixsystem$index" VALUES('71c5efec-12ed-317b-b18c-e87864a943e1','30834a21-e81c-4cbf-a10b-5f60f5fddc82','idx_system$workflowversion_system$workflowversion_previousversion')
INSERT INTO "mendixsystem$index_column" VALUES('71c5efec-12ed-317b-b18c-e87864a943e1','61a2af90-0720-41a0-bea9-8a3d60de71d0',FALSE,0)
INSERT INTO "mendixsystem$index" VALUES('ac3438d4-432b-3045-bb6e-645b0e02a922','30834a21-e81c-4cbf-a10b-5f60f5fddc82','idx_system$workflowversion_system$workflowversion_workflowdefinition')
INSERT INTO "mendixsystem$index_column" VALUES('ac3438d4-432b-3045-bb6e-645b0e02a922','c063e3e7-a440-47f0-8065-6fac7c723690',FALSE,0)
INSERT INTO "mendixsystem$association" VALUES('61a2af90-0720-41a0-bea9-8a3d60de71d0','System.WorkflowVersion_PreviousVersion','system$workflowversion','30834a21-e81c-4cbf-a10b-5f60f5fddc82','30834a21-e81c-4cbf-a10b-5f60f5fddc82','id','system$workflowversion_previousversion',NULL,NULL,NULL,'frn_system$workflowversion_system$workflowversion_previousversion',NULL,2,1)
INSERT INTO "mendixsystem$association" VALUES('c063e3e7-a440-47f0-8065-6fac7c723690','System.WorkflowVersion_WorkflowDefinition','system$workflowversion','30834a21-e81c-4cbf-a10b-5f60f5fddc82','5c570d3b-7b31-44fe-abd6-269a234584c5','id','system$workflowversion_workflowdefinition',NULL,NULL,NULL,'frn_system$workflowversion_system$workflowversion_workflowdefinition',NULL,2,1)
COMMIT
CREATE TABLE "system$workflowactivityusertaskoutcome" (\u000d\u000a\u0009"id" BIGINT NOT NULL,\u000d\u000a\u0009"outcome" VARCHAR_IGNORECASE(200) NULL,\u000d\u000a\u0009"time" TIMESTAMP NULL,\u000d\u000a\u0009"system$workflowactivityusertaskoutcome_workflowactivity" BIGINT NULL,\u000d\u000a\u0009"system$workflowactivityusertaskoutcome_user" BIGINT NULL,\u000d\u000a\u0009PRIMARY KEY("id"))
CREATE INDEX "idx_system$workflowactivityusertaskoutcome_system$workflowactivityusertaskoutcome_workflowactivity" ON "system$workflowactivityusertaskoutcome" ("system$workflowactivityusertaskoutcome_workflowactivity" ASC,"id" ASC)
CREATE INDEX "idx_system$workflowactivityusertaskoutcome_system$workflowactivityusertaskoutcome_user" ON "system$workflowactivityusertaskoutcome" ("system$workflowactivityusertaskoutcome_user" ASC,"id" ASC)
INSERT INTO "mendixsystem$entity" VALUES('1ebda4ad-6e00-4b19-8b95-6b6261beb937','System.WorkflowActivityUserTaskOutcome','system$workflowactivityusertaskoutcome',NULL,FALSE,FALSE)
INSERT INTO "mendixsystem$attribute" VALUES('f854eb95-236e-4c3f-af60-0d72c0cbf27b','1ebda4ad-6e00-4b19-8b95-6b6261beb937','Outcome','outcome',30,200,'',FALSE)
INSERT INTO "mendixsystem$attribute" VALUES('9c9b1db9-e8ff-4192-b11d-4127162aa51a','1ebda4ad-6e00-4b19-8b95-6b6261beb937','Time','time',20,0,'',FALSE)
INSERT INTO "mendixsystem$index" VALUES('3b947783-43b1-347e-bb43-24539b282f55','1ebda4ad-6e00-4b19-8b95-6b6261beb937','idx_system$workflowactivityusertaskoutcome_system$workflowactivityusertaskoutcome_workflowactivity')
INSERT INTO "mendixsystem$index_column" VALUES('3b947783-43b1-347e-bb43-24539b282f55','9ce50251-ec5a-46d0-ba7e-cb91876078f0',FALSE,0)
INSERT INTO "mendixsystem$index" VALUES('53df10a4-b221-3a9e-a28c-368a604b87d5','1ebda4ad-6e00-4b19-8b95-6b6261beb937','idx_system$workflowactivityusertaskoutcome_system$workflowactivityusertaskoutcome_user')
INSERT INTO "mendixsystem$index_column" VALUES('53df10a4-b221-3a9e-a28c-368a604b87d5','69f85619-f30b-427c-adb1-7be7ce8cc3dd',FALSE,0)
INSERT INTO "mendixsystem$association" VALUES('9ce50251-ec5a-46d0-ba7e-cb91876078f0','System.WorkflowActivityUserTaskOutcome_WorkflowActivity','system$workflowactivityusertaskoutcome','1ebda4ad-6e00-4b19-8b95-6b6261beb937','a5952592-bb2c-4798-9805-f9ff91ad97de','id','system$workflowactivityusertaskoutcome_workflowactivity',NULL,NULL,NULL,'frn_system$workflowactivityusertaskoutcome_system$workflowactivityusertaskoutcome_workflowactivity',NULL,2,1)
INSERT INTO "mendixsystem$association" VALUES('69f85619-f30b-427c-adb1-7be7ce8cc3dd','System.WorkflowActivityUserTaskOutcome_User','system$workflowactivityusertaskoutcome','1ebda4ad-6e00-4b19-8b95-6b6261beb937','282e2e60-88a5-469d-84a5-ba8d9151644f','id','system$workflowactivityusertaskoutcome_user',NULL,NULL,NULL,'frn_system$workflowactivityusertaskoutcome_system$workflowactivityusertaskoutcome_user',NULL,2,1)
COMMIT
CREATE TABLE "fileuploader$fileuploadcontext" (\u000d\u000a\u0009"id" BIGINT NOT NULL,\u000d\u000a\u0009PRIMARY KEY("id"))
INSERT INTO "mendixsystem$entity" VALUES('7b249c28-d52a-430e-9dc6-9c1c021883b4','FileUploader.FileUploadContext','fileuploader$fileuploadcontext',NULL,FALSE,FALSE)
COMMIT
CREATE TABLE "myfirstmodule$stavkeprometnogdokumenta" (\u000d\u000a\u0009"id" BIGINT NOT NULL,\u000d\u000a\u0009"kolicina" INT NULL,\u000d\u000a\u0009"cena" DECIMAL(28, 8) NULL,\u000d\u000a\u0009"vrednost" INT NULL,\u000d\u000a\u0009"myfirstmodule$stavkeprometnogdokumenta_prometnidokument" BIGINT NULL,\u000d\u000a\u0009"myfirstmodule$stavkeprometnogdokumenta_robailiusluga" BIGINT NULL,\u000d\u000a\u0009PRIMARY KEY("id"))
CREATE INDEX "idx_myfirstmodule$stavkeprometnogdokumenta_myfirstmodule$stavkeprometnogdokumenta_prometnidokument" ON "myfirstmodule$stavkeprometnogdokumenta" ("myfirstmodule$stavkeprometnogdokumenta_prometnidokument" ASC,"id" ASC)
CREATE INDEX "idx_myfirstmodule$stavkeprometnogdokumenta_myfirstmodule$stavkeprometnogdokumenta_robailiusluga" ON "myfirstmodule$stavkeprometnogdokumenta" ("myfirstmodule$stavkeprometnogdokumenta_robailiusluga" ASC,"id" ASC)
INSERT INTO "mendixsystem$entity" VALUES('ae6fd1ff-eb91-44fd-ab0e-be367fceb92a','MyFirstModule.StavkePrometnogDokumenta','myfirstmodule$stavkeprometnogdokumenta',NULL,FALSE,FALSE)
INSERT INTO "mendixsystem$attribute" VALUES('72fcdfcf-4a42-44c4-968f-87569cf8000f','ae6fd1ff-eb91-44fd-ab0e-be367fceb92a','kolicina','kolicina',3,0,'0',FALSE)
INSERT INTO "mendixsystem$attribute" VALUES('d2799413-d924-4ba2-83c2-1bd8fecd7ecb','ae6fd1ff-eb91-44fd-ab0e-be367fceb92a','cena','cena',5,0,'0',FALSE)
INSERT INTO "mendixsystem$attribute" VALUES('ac5c5c60-a82b-4427-aa07-7bbf9d3a5187','ae6fd1ff-eb91-44fd-ab0e-be367fceb92a','vrednost','vrednost',3,0,'0',FALSE)
INSERT INTO "mendixsystem$index" VALUES('85d71d3a-bf7d-3c56-a9c4-f6e41a3b9598','ae6fd1ff-eb91-44fd-ab0e-be367fceb92a','idx_myfirstmodule$stavkeprometnogdokumenta_myfirstmodule$stavkeprometnogdokumenta_prometnidokument')
INSERT INTO "mendixsystem$index_column" VALUES('85d71d3a-bf7d-3c56-a9c4-f6e41a3b9598','8e387ebf-995d-4fe5-820f-af204add6f35',FALSE,0)
INSERT INTO "mendixsystem$index" VALUES('8da8e04d-4f94-30f1-96a7-d89c9aa0d554','ae6fd1ff-eb91-44fd-ab0e-be367fceb92a','idx_myfirstmodule$stavkeprometnogdokumenta_myfirstmodule$stavkeprometnogdokumenta_robailiusluga')
INSERT INTO "mendixsystem$index_column" VALUES('8da8e04d-4f94-30f1-96a7-d89c9aa0d554','1a95a0c4-f627-47bd-b86d-f95364f92b4a',FALSE,0)
INSERT INTO "mendixsystem$association" VALUES('8e387ebf-995d-4fe5-820f-af204add6f35','MyFirstModule.StavkePrometnogDokumenta_PrometniDokument','myfirstmodule$stavkeprometnogdokumenta','ae6fd1ff-eb91-44fd-ab0e-be367fceb92a','d71efaf1-c220-4af2-ac4e-8cfef7390862','id','myfirstmodule$stavkeprometnogdokumenta_prometnidokument',NULL,NULL,NULL,'frn_myfirstmodule$stavkeprometnogdokumenta_myfirstmodule$stavkeprometnogdokumenta_prometnidokument',NULL,2,1)
INSERT INTO "mendixsystem$association" VALUES('1a95a0c4-f627-47bd-b86d-f95364f92b4a','MyFirstModule.StavkePrometnogDokumenta_RobaIliUsluga','myfirstmodule$stavkeprometnogdokumenta','ae6fd1ff-eb91-44fd-ab0e-be367fceb92a','ec0f07a2-68c8-4eed-8c4e-5b2a316152f5','id','myfirstmodule$stavkeprometnogdokumenta_robailiusluga',NULL,NULL,NULL,'frn_myfirstmodule$stavkeprometnogdokumenta_myfirstmodule$stavkeprometnogdokumenta_robailiusluga',NULL,2,1)
COMMIT
CREATE TABLE "system$privatefiledocument" (\u000d\u000a\u0009"id" BIGINT NOT NULL,\u000d\u000a\u0009PRIMARY KEY("id"))
INSERT INTO "mendixsystem$entity" VALUES('3b6f5ca3-28d6-4581-b26e-7ce5bd0e6eeb','System.PrivateFileDocument','system$privatefiledocument','170ce49d-f29c-4fac-99a6-b55e8a3aeb39',FALSE,FALSE)
COMMIT
CREATE TABLE "system$synchronizationerrorfile" (\u000d\u000a\u0009"id" BIGINT NOT NULL,\u000d\u000a\u0009PRIMARY KEY("id"))
INSERT INTO "mendixsystem$entity" VALUES('9b26443c-f4bb-4252-aa62-9eaffb71c4db','System.SynchronizationErrorFile','system$synchronizationerrorfile','170ce49d-f29c-4fac-99a6-b55e8a3aeb39',FALSE,FALSE)
COMMIT
CREATE TABLE "system$scheduledeventinformation" (\u000d\u000a\u0009"id" BIGINT NOT NULL,\u000d\u000a\u0009"name" VARCHAR_IGNORECASE(200) NULL,\u000d\u000a\u0009"description" VARCHAR_IGNORECASE(2147483647) NULL,\u000d\u000a\u0009"starttime" TIMESTAMP NULL,\u000d\u000a\u0009"endtime" TIMESTAMP NULL,\u000d\u000a\u0009"status" VARCHAR_IGNORECASE(9) NULL,\u000d\u000a\u0009PRIMARY KEY("id"))
INSERT INTO "mendixsystem$entity" VALUES('685df5a6-1e02-49bb-a0b5-5a55c5e8313d','System.ScheduledEventInformation','system$scheduledeventinformation',NULL,FALSE,FALSE)
INSERT INTO "mendixsystem$attribute" VALUES('8b7184a0-cd05-4c75-89f9-be6e9349783b','685df5a6-1e02-49bb-a0b5-5a55c5e8313d','Name','name',30,200,'',FALSE)
INSERT INTO "mendixsystem$attribute" VALUES('26ccae8a-22b1-4899-87c9-c5b4915dbf28','685df5a6-1e02-49bb-a0b5-5a55c5e8313d','Description','description',30,0,'',FALSE)
INSERT INTO "mendixsystem$attribute" VALUES('651e7007-7fcd-43b3-a918-a0de81de34bf','685df5a6-1e02-49bb-a0b5-5a55c5e8313d','StartTime','starttime',20,0,'',FALSE)
INSERT INTO "mendixsystem$attribute" VALUES('33adad79-f658-4e69-8c58-e003fb3c78be','685df5a6-1e02-49bb-a0b5-5a55c5e8313d','EndTime','endtime',20,0,'',FALSE)
INSERT INTO "mendixsystem$attribute" VALUES('6d2a7545-4e52-4c5d-ac02-0b8211d0585f','685df5a6-1e02-49bb-a0b5-5a55c5e8313d','Status','status',40,9,'',FALSE)
COMMIT
CREATE TABLE "myfirstmodule$radnik" (\u000d\u000a\u0009"id" BIGINT NOT NULL,\u000d\u000a\u0009"ime" VARCHAR_IGNORECASE(200) NULL,\u000d\u000a\u0009"prezime" VARCHAR_IGNORECASE(200) NULL,\u000d\u000a\u0009"myfirstmodule$radnik_preduzece" BIGINT NULL,\u000d\u000a\u0009PRIMARY KEY("id"))
CREATE INDEX "idx_myfirstmodule$radnik_myfirstmodule$radnik_preduzece" ON "myfirstmodule$radnik" ("myfirstmodule$radnik_preduzece" ASC,"id" ASC)
INSERT INTO "mendixsystem$entity" VALUES('2005476c-b225-4c02-977a-b9bf6e894ca9','MyFirstModule.Radnik','myfirstmodule$radnik',NULL,FALSE,FALSE)
INSERT INTO "mendixsystem$attribute" VALUES('783b06d8-3482-4285-a70d-184d7ad2943a','2005476c-b225-4c02-977a-b9bf6e894ca9','Ime','ime',30,200,'',FALSE)
INSERT INTO "mendixsystem$attribute" VALUES('c782802d-96b3-42b9-b5df-9f71eefeecce','2005476c-b225-4c02-977a-b9bf6e894ca9','Prezime','prezime',30,200,'',FALSE)
INSERT INTO "mendixsystem$index" VALUES('46e1ec2c-2159-3984-8542-843faed58255','2005476c-b225-4c02-977a-b9bf6e894ca9','idx_myfirstmodule$radnik_myfirstmodule$radnik_preduzece')
INSERT INTO "mendixsystem$index_column" VALUES('46e1ec2c-2159-3984-8542-843faed58255','8fdf054a-fa05-45aa-9a47-649387d2e650',FALSE,0)
INSERT INTO "mendixsystem$association" VALUES('8fdf054a-fa05-45aa-9a47-649387d2e650','MyFirstModule.Radnik_Preduzece','myfirstmodule$radnik','2005476c-b225-4c02-977a-b9bf6e894ca9','5a08e249-ed51-4aaf-a3ea-9ea055ce8837','id','myfirstmodule$radnik_preduzece',NULL,NULL,NULL,'frn_myfirstmodule$radnik_myfirstmodule$radnik_preduzece',NULL,2,1)
COMMIT
CREATE TABLE "system$workflowusertaskoutcome" (\u000d\u000a\u0009"id" BIGINT NOT NULL,\u000d\u000a\u0009"outcome" VARCHAR_IGNORECASE(200) NULL,\u000d\u000a\u0009"time" TIMESTAMP NULL,\u000d\u000a\u0009PRIMARY KEY("id"))
INSERT INTO "mendixsystem$entity" VALUES('d753ad05-63c3-4d18-9424-1dd97c7d1a05','System.WorkflowUserTaskOutcome','system$workflowusertaskoutcome',NULL,FALSE,FALSE)
INSERT INTO "mendixsystem$attribute" VALUES('1c43b5b0-f645-4bc1-83fe-2da08ef1eba4','d753ad05-63c3-4d18-9424-1dd97c7d1a05','Outcome','outcome',30,200,'',FALSE)
INSERT INTO "mendixsystem$attribute" VALUES('2b63667d-dda0-4033-b432-679f51187ebb','d753ad05-63c3-4d18-9424-1dd97c7d1a05','Time','time',20,0,'',FALSE)
COMMIT
CREATE TABLE "prodaja$stavkafakture" (\u000d\u000a\u0009"id" BIGINT NOT NULL,\u000d\u000a\u0009"kolicina" DECIMAL(28, 8) NULL,\u000d\u000a\u0009"rabat" DECIMAL(28, 8) NULL,\u000d\u000a\u0009"jedinicnacena" DECIMAL(28, 8) NULL,\u000d\u000a\u0009"osnovica" DECIMAL(28, 8) NULL,\u000d\u000a\u0009"stopapdv" DECIMAL(28, 8) NULL,\u000d\u000a\u0009"iznospdv" DECIMAL(28, 8) NULL,\u000d\u000a\u0009"ukupno" DECIMAL(28, 8) NULL,\u000d\u000a\u0009"prodaja$stavkafakture_robailiusluga" BIGINT NULL,\u000d\u000a\u0009"prodaja$stavkafakture_izlaznafaktura" BIGINT NULL,\u000d\u000a\u0009PRIMARY KEY("id"))
CREATE INDEX "idx_prodaja$stavkafakture_prodaja$stavkafakture_robailiusluga" ON "prodaja$stavkafakture" ("prodaja$stavkafakture_robailiusluga" ASC,"id" ASC)
CREATE INDEX "idx_prodaja$stavkafakture_prodaja$stavkafakture_izlaznafaktura" ON "prodaja$stavkafakture" ("prodaja$stavkafakture_izlaznafaktura" ASC,"id" ASC)
INSERT INTO "mendixsystem$entity" VALUES('26648b06-f188-406d-ad8d-8d67aaf9a6a9','Prodaja.StavkaFakture','prodaja$stavkafakture',NULL,FALSE,FALSE)
INSERT INTO "mendixsystem$attribute" VALUES('dc429418-281f-402d-b29c-f3b6af75b3a5','26648b06-f188-406d-ad8d-8d67aaf9a6a9','kolicina','kolicina',5,0,'0',FALSE)
INSERT INTO "mendixsystem$attribute" VALUES('31d8872e-3c60-400f-9b5f-7a44b20ec02a','26648b06-f188-406d-ad8d-8d67aaf9a6a9','rabat','rabat',5,0,'0',FALSE)
INSERT INTO "mendixsystem$attribute" VALUES('de43158a-eb2d-414d-999d-8ca7e620f6d0','26648b06-f188-406d-ad8d-8d67aaf9a6a9','jedinicnaCena','jedinicnacena',5,0,'0',FALSE)
INSERT INTO "mendixsystem$attribute" VALUES('16c3464b-c3ea-477f-9556-8204a19c8c95','26648b06-f188-406d-ad8d-8d67aaf9a6a9','osnovica','osnovica',5,0,'0',FALSE)
INSERT INTO "mendixsystem$attribute" VALUES('21a2752b-87bd-462a-9c4c-a732a375aede','26648b06-f188-406d-ad8d-8d67aaf9a6a9','stopaPDV','stopapdv',5,0,'0',FALSE)
INSERT INTO "mendixsystem$attribute" VALUES('a4c4c38c-4e2f-4d48-be0f-e0369fa521d9','26648b06-f188-406d-ad8d-8d67aaf9a6a9','iznosPDV','iznospdv',5,0,'0',FALSE)
INSERT INTO "mendixsystem$attribute" VALUES('7c689749-bdcc-46f5-a476-696c62b7d59d','26648b06-f188-406d-ad8d-8d67aaf9a6a9','ukupno','ukupno',5,0,'0',FALSE)
INSERT INTO "mendixsystem$index" VALUES('e5d78217-248b-333c-a228-f7ce4ef710d0','26648b06-f188-406d-ad8d-8d67aaf9a6a9','idx_prodaja$stavkafakture_prodaja$stavkafakture_robailiusluga')
INSERT INTO "mendixsystem$index_column" VALUES('e5d78217-248b-333c-a228-f7ce4ef710d0','fd1bff11-277d-4dfc-a85a-12f435630ca5',FALSE,0)
INSERT INTO "mendixsystem$index" VALUES('64c7b758-30ed-3ec9-b165-90cf47de83e5','26648b06-f188-406d-ad8d-8d67aaf9a6a9','idx_prodaja$stavkafakture_prodaja$stavkafakture_izlaznafaktura')
INSERT INTO "mendixsystem$index_column" VALUES('64c7b758-30ed-3ec9-b165-90cf47de83e5','954d9182-9c45-45a0-b2d5-f6ce401a9b02',FALSE,0)
INSERT INTO "mendixsystem$association" VALUES('fd1bff11-277d-4dfc-a85a-12f435630ca5','Prodaja.StavkaFakture_RobaIliUsluga','prodaja$stavkafakture','26648b06-f188-406d-ad8d-8d67aaf9a6a9','ec0f07a2-68c8-4eed-8c4e-5b2a316152f5','id','prodaja$stavkafakture_robailiusluga',NULL,NULL,NULL,'frn_prodaja$stavkafakture_prodaja$stavkafakture_robailiusluga',NULL,2,1)
INSERT INTO "mendixsystem$association" VALUES('954d9182-9c45-45a0-b2d5-f6ce401a9b02','Prodaja.StavkaFakture_IzlaznaFaktura','prodaja$stavkafakture','26648b06-f188-406d-ad8d-8d67aaf9a6a9','9964805e-2a84-4c40-8ed1-34c7cc78539d','id','prodaja$stavkafakture_izlaznafaktura',NULL,NULL,NULL,'frn_prodaja$stavkafakture_prodaja$stavkafakture_izlaznafaktura',NULL,2,1)
COMMIT
CREATE TABLE "myfirstmodule$robailiusluga" (\u000d\u000a\u0009"id" BIGINT NOT NULL,\u000d\u000a\u0009"naziv" VARCHAR_IGNORECASE(200) NULL,\u000d\u000a\u0009"opis" VARCHAR_IGNORECASE(200) NULL,\u000d\u000a\u0009"roba" BOOLEAN NULL,\u000d\u000a\u0009"myfirstmodule$robailiusluga_jedinicamere" BIGINT NULL,\u000d\u000a\u0009PRIMARY KEY("id"))
CREATE INDEX "idx_myfirstmodule$robailiusluga_myfirstmodule$robailiusluga_jedinicamere" ON "myfirstmodule$robailiusluga" ("myfirstmodule$robailiusluga_jedinicamere" ASC,"id" ASC)
INSERT INTO "mendixsystem$entity" VALUES('ec0f07a2-68c8-4eed-8c4e-5b2a316152f5','MyFirstModule.RobaIliUsluga','myfirstmodule$robailiusluga',NULL,FALSE,FALSE)
INSERT INTO "mendixsystem$attribute" VALUES('318811f3-6af5-40db-b36c-7ba722d58b12','ec0f07a2-68c8-4eed-8c4e-5b2a316152f5','naziv','naziv',30,200,'',FALSE)
INSERT INTO "mendixsystem$attribute" VALUES('ed355d4d-ed0f-417a-b858-20c074b4dd68','ec0f07a2-68c8-4eed-8c4e-5b2a316152f5','opis','opis',30,200,'',FALSE)
INSERT INTO "mendixsystem$attribute" VALUES('dd4e3c3a-e15d-47e9-9a63-cfbf969dd779','ec0f07a2-68c8-4eed-8c4e-5b2a316152f5','roba','roba',10,0,'false',FALSE)
INSERT INTO "mendixsystem$index" VALUES('5d133b27-f242-34f2-981f-fd979ce37410','ec0f07a2-68c8-4eed-8c4e-5b2a316152f5','idx_myfirstmodule$robailiusluga_myfirstmodule$robailiusluga_jedinicamere')
INSERT INTO "mendixsystem$index_column" VALUES('5d133b27-f242-34f2-981f-fd979ce37410','ff655529-bb2a-4953-875c-4459480f589c',FALSE,0)
INSERT INTO "mendixsystem$association" VALUES('ff655529-bb2a-4953-875c-4459480f589c','MyFirstModule.RobaIliUsluga_JedinicaMere','myfirstmodule$robailiusluga','ec0f07a2-68c8-4eed-8c4e-5b2a316152f5','422d59d2-0cb4-42e2-ac52-f463c15b4cad','id','myfirstmodule$robailiusluga_jedinicamere',NULL,NULL,NULL,'frn_myfirstmodule$robailiusluga_myfirstmodule$robailiusluga_jedinicamere',NULL,2,1)
COMMIT
CREATE TABLE "system$thumbnail" (\u000d\u000a\u0009"id" BIGINT NOT NULL,\u000d\u000a\u0009"system$thumbnail_image" BIGINT NULL,\u000d\u000a\u0009PRIMARY KEY("id"),\u000d\u000a\u0009CONSTRAINT "uniq_system$thumbnail_system$thumbnail_image" UNIQUE ("system$thumbnail_image"))
CREATE INDEX "idx_system$thumbnail_system$thumbnail_image" ON "system$thumbnail" ("system$thumbnail_image" ASC,"id" ASC)
INSERT INTO "mendixsystem$entity" VALUES('4babd4c0-b903-4cb4-b1af-e59c4a5fcf3d','System.Thumbnail','system$thumbnail','170ce49d-f29c-4fac-99a6-b55e8a3aeb39',FALSE,FALSE)
INSERT INTO "mendixsystem$index" VALUES('40324275-9641-331c-9512-f3f5165a395f','4babd4c0-b903-4cb4-b1af-e59c4a5fcf3d','idx_system$thumbnail_system$thumbnail_image')
INSERT INTO "mendixsystem$index_column" VALUES('40324275-9641-331c-9512-f3f5165a395f','3dbea779-c8af-467e-a957-140c313ac1b7',FALSE,0)
INSERT INTO "mendixsystem$unique_constraint" VALUES('uniq_system$thumbnail_system$thumbnail_image','4babd4c0-b903-4cb4-b1af-e59c4a5fcf3d','3dbea779-c8af-467e-a957-140c313ac1b7')
INSERT INTO "mendixsystem$association" VALUES('3dbea779-c8af-467e-a957-140c313ac1b7','System.Thumbnail_Image','system$thumbnail','4babd4c0-b903-4cb4-b1af-e59c4a5fcf3d','37827192-315d-4ab6-85b8-f626f866ea76','id','system$thumbnail_image',NULL,NULL,NULL,'frn_system$thumbnail_system$thumbnail_image',NULL,2,1)
COMMIT
CREATE TABLE "administration$account" (\u000d\u000a\u0009"id" BIGINT NOT NULL,\u000d\u000a\u0009"fullname" VARCHAR_IGNORECASE(200) NULL,\u000d\u000a\u0009"email" VARCHAR_IGNORECASE(200) NULL,\u000d\u000a\u0009"islocaluser" BOOLEAN NULL,\u000d\u000a\u0009PRIMARY KEY("id"))
INSERT INTO "mendixsystem$entity" VALUES('a046943f-826d-4ebf-828c-bb1ec60bc7bd','Administration.Account','administration$account','282e2e60-88a5-469d-84a5-ba8d9151644f',FALSE,FALSE)
INSERT INTO "mendixsystem$attribute" VALUES('6a07cb1c-1173-43c0-8020-a4f3cf877be3','a046943f-826d-4ebf-828c-bb1ec60bc7bd','FullName','fullname',30,200,'',FALSE)
INSERT INTO "mendixsystem$attribute" VALUES('2f1694e3-4783-48ea-9c6e-22f6d8bd909d','a046943f-826d-4ebf-828c-bb1ec60bc7bd','Email','email',30,200,'',FALSE)
INSERT INTO "mendixsystem$attribute" VALUES('aac8e968-a1c6-4677-83de-4251c436ca99','a046943f-826d-4ebf-828c-bb1ec60bc7bd','IsLocalUser','islocaluser',10,0,'true',FALSE)
COMMIT
CREATE TABLE "prodaja$narudzbenicakupca" (\u000d\u000a\u0009"id" BIGINT NOT NULL,\u000d\u000a\u0009"rokisporuke" TIMESTAMP NULL,\u000d\u000a\u0009"nacinpakovanja" VARCHAR_IGNORECASE(200) NULL,\u000d\u000a\u0009"nacinplacanja" VARCHAR_IGNORECASE(200) NULL,\u000d\u000a\u0009"mestopreuzimanjaisporuke" VARCHAR_IGNORECASE(200) NULL,\u000d\u000a\u0009"prodaja$narudzbenicakupca_poslovnipartner" BIGINT NULL,\u000d\u000a\u0009"prodaja$narudzbenicakupca_preduzece" BIGINT NULL,\u000d\u000a\u0009"prodaja$narudzbenicakupca_izlaznafaktura" BIGINT NULL,\u000d\u000a\u0009"prodaja$narudzbenicakupca_poslovnagodina" BIGINT NULL,\u000d\u000a\u0009PRIMARY KEY("id"),\u000d\u000a\u0009CONSTRAINT "uniq_prodaja$narudzbenicakupca_prodaja$narudzbenicakupca_izlaznafaktura" UNIQUE ("prodaja$narudzbenicakupca_izlaznafaktura"))
CREATE INDEX "idx_prodaja$narudzbenicakupca_prodaja$narudzbenicakupca_poslovnipartner" ON "prodaja$narudzbenicakupca" ("prodaja$narudzbenicakupca_poslovnipartner" ASC,"id" ASC)
CREATE INDEX "idx_prodaja$narudzbenicakupca_prodaja$narudzbenicakupca_preduzece" ON "prodaja$narudzbenicakupca" ("prodaja$narudzbenicakupca_preduzece" ASC,"id" ASC)
CREATE INDEX "idx_prodaja$narudzbenicakupca_prodaja$narudzbenicakupca_izlaznafaktura" ON "prodaja$narudzbenicakupca" ("prodaja$narudzbenicakupca_izlaznafaktura" ASC,"id" ASC)
CREATE INDEX "idx_prodaja$narudzbenicakupca_prodaja$narudzbenicakupca_poslovnagodina" ON "prodaja$narudzbenicakupca" ("prodaja$narudzbenicakupca_poslovnagodina" ASC,"id" ASC)
INSERT INTO "mendixsystem$entity" VALUES('f50292ea-5bef-489c-b4cd-db0246eae494','Prodaja.NarudzbenicaKupca','prodaja$narudzbenicakupca',NULL,FALSE,FALSE)
INSERT INTO "mendixsystem$attribute" VALUES('2cbbae85-1ad9-479e-96ad-7fad6c7a22eb','f50292ea-5bef-489c-b4cd-db0246eae494','rokIsporuke','rokisporuke',20,0,'',FALSE)
INSERT INTO "mendixsystem$attribute" VALUES('f1f5d9b6-8b82-4f2f-b135-9361257dc0a5','f50292ea-5bef-489c-b4cd-db0246eae494','nacinPakovanja','nacinpakovanja',30,200,'',FALSE)
INSERT INTO "mendixsystem$attribute" VALUES('415619da-794f-47dc-b3c0-2fa687300531','f50292ea-5bef-489c-b4cd-db0246eae494','nacinPlacanja','nacinplacanja',30,200,'',FALSE)
INSERT INTO "mendixsystem$attribute" VALUES('61eae53b-7fd1-44fd-8efe-03976b591061','f50292ea-5bef-489c-b4cd-db0246eae494','mestoPreuzimanjaIsporuke','mestopreuzimanjaisporuke',30,200,'',FALSE)
INSERT INTO "mendixsystem$index" VALUES('9e408864-d8a3-3508-a7c3-07c5cfe1198d','f50292ea-5bef-489c-b4cd-db0246eae494','idx_prodaja$narudzbenicakupca_prodaja$narudzbenicakupca_poslovnipartner')
INSERT INTO "mendixsystem$index_column" VALUES('9e408864-d8a3-3508-a7c3-07c5cfe1198d','fe27da6b-3620-4e8e-b274-109ea0fd2f98',FALSE,0)
INSERT INTO "mendixsystem$index" VALUES('368729b4-f71d-3fed-aecb-ed9c3cf00b1b','f50292ea-5bef-489c-b4cd-db0246eae494','idx_prodaja$narudzbenicakupca_prodaja$narudzbenicakupca_preduzece')
INSERT INTO "mendixsystem$index_column" VALUES('368729b4-f71d-3fed-aecb-ed9c3cf00b1b','9428773c-cfc5-41b8-bd39-5f16c2cd2608',FALSE,0)
INSERT INTO "mendixsystem$index" VALUES('d93580bb-a7ab-3d8d-86ed-1df7b00c43b7','f50292ea-5bef-489c-b4cd-db0246eae494','idx_prodaja$narudzbenicakupca_prodaja$narudzbenicakupca_izlaznafaktura')
INSERT INTO "mendixsystem$index_column" VALUES('d93580bb-a7ab-3d8d-86ed-1df7b00c43b7','f5d991d5-c363-4990-b179-2b385ae1f33f',FALSE,0)
INSERT INTO "mendixsystem$index" VALUES('ced8445d-cd04-3d33-84e4-3cddcb79f9dc','f50292ea-5bef-489c-b4cd-db0246eae494','idx_prodaja$narudzbenicakupca_prodaja$narudzbenicakupca_poslovnagodina')
INSERT INTO "mendixsystem$index_column" VALUES('ced8445d-cd04-3d33-84e4-3cddcb79f9dc','43d9620b-e83c-4ae1-ad7a-40a32569218c',FALSE,0)
INSERT INTO "mendixsystem$unique_constraint" VALUES('uniq_prodaja$narudzbenicakupca_prodaja$narudzbenicakupca_izlaznafaktura','f50292ea-5bef-489c-b4cd-db0246eae494','f5d991d5-c363-4990-b179-2b385ae1f33f')
INSERT INTO "mendixsystem$association" VALUES('fe27da6b-3620-4e8e-b274-109ea0fd2f98','Prodaja.NarudzbenicaKupca_PoslovniPartner','prodaja$narudzbenicakupca','f50292ea-5bef-489c-b4cd-db0246eae494','810e9e9b-6158-4c57-9d2a-b26e8a573215','id','prodaja$narudzbenicakupca_poslovnipartner',NULL,NULL,NULL,'frn_prodaja$narudzbenicakupca_prodaja$narudzbenicakupca_poslovnipartner',NULL,2,1)
INSERT INTO "mendixsystem$association" VALUES('9428773c-cfc5-41b8-bd39-5f16c2cd2608','Prodaja.NarudzbenicaKupca_Preduzece','prodaja$narudzbenicakupca','f50292ea-5bef-489c-b4cd-db0246eae494','5a08e249-ed51-4aaf-a3ea-9ea055ce8837','id','prodaja$narudzbenicakupca_preduzece',NULL,NULL,NULL,'frn_prodaja$narudzbenicakupca_prodaja$narudzbenicakupca_preduzece',NULL,2,1)
INSERT INTO "mendixsystem$association" VALUES('f5d991d5-c363-4990-b179-2b385ae1f33f','Prodaja.NarudzbenicaKupca_IzlaznaFaktura','prodaja$narudzbenicakupca','f50292ea-5bef-489c-b4cd-db0246eae494','9964805e-2a84-4c40-8ed1-34c7cc78539d','id','prodaja$narudzbenicakupca_izlaznafaktura',NULL,NULL,NULL,'frn_prodaja$narudzbenicakupca_prodaja$narudzbenicakupca_izlaznafaktura',NULL,2,1)
INSERT INTO "mendixsystem$association" VALUES('43d9620b-e83c-4ae1-ad7a-40a32569218c','Prodaja.NarudzbenicaKupca_PoslovnaGodina','prodaja$narudzbenicakupca','f50292ea-5bef-489c-b4cd-db0246eae494','7a2371c6-62d4-404f-b08a-4e60cc8df1a8','id','prodaja$narudzbenicakupca_poslovnagodina',NULL,NULL,NULL,'frn_prodaja$narudzbenicakupca_prodaja$narudzbenicakupca_poslovnagodina',NULL,2,1)
COMMIT
CREATE TABLE "fileuploader$uploadedfile" (\u000d\u000a\u0009"id" BIGINT NOT NULL,\u000d\u000a\u0009PRIMARY KEY("id"))
INSERT INTO "mendixsystem$entity" VALUES('0ac27547-1473-4ad5-87e6-c68af64e934a','FileUploader.UploadedFile','fileuploader$uploadedfile','170ce49d-f29c-4fac-99a6-b55e8a3aeb39',FALSE,FALSE)
COMMIT
CREATE TABLE "prodaja$izlaznafaktura" (\u000d\u000a\u0009"id" BIGINT NOT NULL,\u000d\u000a\u0009"datumfakture" TIMESTAMP NULL,\u000d\u000a\u0009"brojfakture" INT NULL,\u000d\u000a\u0009"datumvalute" TIMESTAMP NULL,\u000d\u000a\u0009"ukupnaosnovica" DECIMAL(28, 8) NULL,\u000d\u000a\u0009"ukupanpdv" DECIMAL(28, 8) NULL,\u000d\u000a\u0009"ukupnavrednost" DECIMAL(28, 8) NULL,\u000d\u000a\u0009"racunzauplatu" VARCHAR_IGNORECASE(200) NULL,\u000d\u000a\u0009"vrstadokumenta" VARCHAR_IGNORECASE(10) NULL,\u000d\u000a\u0009"statusfakture" VARCHAR_IGNORECASE(10) NULL,\u000d\u000a\u0009"mestopreuzimanja" VARCHAR_IGNORECASE(200) NULL,\u000d\u000a\u0009"prodaja$izlaznafaktura_poslovnagodina" BIGINT NULL,\u000d\u000a\u0009"prodaja$izlaznafaktura_poslovnipartner" BIGINT NULL,\u000d\u000a\u0009"prodaja$izlaznafaktura_preduzece" BIGINT NULL,\u000d\u000a\u0009PRIMARY KEY("id"))
CREATE INDEX "idx_prodaja$izlaznafaktura_prodaja$izlaznafaktura_poslovnagodina" ON "prodaja$izlaznafaktura" ("prodaja$izlaznafaktura_poslovnagodina" ASC,"id" ASC)
CREATE INDEX "idx_prodaja$izlaznafaktura_prodaja$izlaznafaktura_poslovnipartner" ON "prodaja$izlaznafaktura" ("prodaja$izlaznafaktura_poslovnipartner" ASC,"id" ASC)
CREATE INDEX "idx_prodaja$izlaznafaktura_prodaja$izlaznafaktura_preduzece" ON "prodaja$izlaznafaktura" ("prodaja$izlaznafaktura_preduzece" ASC,"id" ASC)
INSERT INTO "mendixsystem$entity" VALUES('9964805e-2a84-4c40-8ed1-34c7cc78539d','Prodaja.IzlaznaFaktura','prodaja$izlaznafaktura',NULL,FALSE,FALSE)
INSERT INTO "mendixsystem$attribute" VALUES('565ef65f-43cf-4280-9688-703a62817fcf','9964805e-2a84-4c40-8ed1-34c7cc78539d','datumFakture','datumfakture',20,0,'',FALSE)
INSERT INTO "mendixsystem$attribute" VALUES('e36ff5de-8375-45d7-b3e2-20318ceebcd2','9964805e-2a84-4c40-8ed1-34c7cc78539d','brojFakture','brojfakture',3,0,'0',FALSE)
INSERT INTO "mendixsystem$attribute" VALUES('bde1f0e8-ff1a-4dc1-97a4-1327ee1f1200','9964805e-2a84-4c40-8ed1-34c7cc78539d','datumValute','datumvalute',20,0,'',FALSE)
INSERT INTO "mendixsystem$attribute" VALUES('00c41c35-6a69-4186-8901-7707bd274ae8','9964805e-2a84-4c40-8ed1-34c7cc78539d','ukupnaOsnovica','ukupnaosnovica',5,0,'0',FALSE)
INSERT INTO "mendixsystem$attribute" VALUES('1631314f-dd12-47c5-aee0-e9a38eba3b1d','9964805e-2a84-4c40-8ed1-34c7cc78539d','ukupanPDV','ukupanpdv',5,0,'0',FALSE)
INSERT INTO "mendixsystem$attribute" VALUES('92145ade-3f7a-4556-a587-9d2e63467a3d','9964805e-2a84-4c40-8ed1-34c7cc78539d','ukupnaVrednost','ukupnavrednost',5,0,'0',FALSE)
INSERT INTO "mendixsystem$attribute" VALUES('52235fdc-83a2-4c52-938e-a1bc0b4fc091','9964805e-2a84-4c40-8ed1-34c7cc78539d','racunZaUplatu','racunzauplatu',30,200,'',FALSE)
INSERT INTO "mendixsystem$attribute" VALUES('7f6e54fc-4ba1-4a5b-b31e-3aa1678006bf','9964805e-2a84-4c40-8ed1-34c7cc78539d','vrstaDokumenta','vrstadokumenta',40,10,'',FALSE)
INSERT INTO "mendixsystem$attribute" VALUES('a9bc532b-feb5-47e8-b7db-d672adf463b4','9964805e-2a84-4c40-8ed1-34c7cc78539d','statusFakture','statusfakture',40,10,'',FALSE)
INSERT INTO "mendixsystem$attribute" VALUES('a2577df6-1a89-437d-9903-fa44f770eea3','9964805e-2a84-4c40-8ed1-34c7cc78539d','mestoPreuzimanja','mestopreuzimanja',30,200,'',FALSE)
INSERT INTO "mendixsystem$index" VALUES('faefcc25-f2c4-3df4-8253-5005e1ec2fe7','9964805e-2a84-4c40-8ed1-34c7cc78539d','idx_prodaja$izlaznafaktura_prodaja$izlaznafaktura_poslovnagodina')
INSERT INTO "mendixsystem$index_column" VALUES('faefcc25-f2c4-3df4-8253-5005e1ec2fe7','ed75c0fa-6383-4e94-bebb-8d28fd13a4da',FALSE,0)
INSERT INTO "mendixsystem$index" VALUES('2b5c603e-8c43-335c-8d75-690e2ea47622','9964805e-2a84-4c40-8ed1-34c7cc78539d','idx_prodaja$izlaznafaktura_prodaja$izlaznafaktura_poslovnipartner')
INSERT INTO "mendixsystem$index_column" VALUES('2b5c603e-8c43-335c-8d75-690e2ea47622','c72ef6a0-843b-4f40-b288-cdcd975580c6',FALSE,0)
INSERT INTO "mendixsystem$index" VALUES('35ee3497-a2cd-3236-8873-915deac3b6e8','9964805e-2a84-4c40-8ed1-34c7cc78539d','idx_prodaja$izlaznafaktura_prodaja$izlaznafaktura_preduzece')
INSERT INTO "mendixsystem$index_column" VALUES('35ee3497-a2cd-3236-8873-915deac3b6e8','906fe6ef-7dd4-4ae3-a13e-74a1489e4a63',FALSE,0)
INSERT INTO "mendixsystem$association" VALUES('ed75c0fa-6383-4e94-bebb-8d28fd13a4da','Prodaja.IzlaznaFaktura_PoslovnaGodina','prodaja$izlaznafaktura','9964805e-2a84-4c40-8ed1-34c7cc78539d','7a2371c6-62d4-404f-b08a-4e60cc8df1a8','id','prodaja$izlaznafaktura_poslovnagodina',NULL,NULL,NULL,'frn_prodaja$izlaznafaktura_prodaja$izlaznafaktura_poslovnagodina',NULL,2,1)
INSERT INTO "mendixsystem$association" VALUES('c72ef6a0-843b-4f40-b288-cdcd975580c6','Prodaja.IzlaznaFaktura_PoslovniPartner','prodaja$izlaznafaktura','9964805e-2a84-4c40-8ed1-34c7cc78539d','810e9e9b-6158-4c57-9d2a-b26e8a573215','id','prodaja$izlaznafaktura_poslovnipartner',NULL,NULL,NULL,'frn_prodaja$izlaznafaktura_prodaja$izlaznafaktura_poslovnipartner',NULL,2,1)
INSERT INTO "mendixsystem$association" VALUES('906fe6ef-7dd4-4ae3-a13e-74a1489e4a63','Prodaja.IzlaznaFaktura_Preduzece','prodaja$izlaznafaktura','9964805e-2a84-4c40-8ed1-34c7cc78539d','5a08e249-ed51-4aaf-a3ea-9ea055ce8837','id','prodaja$izlaznafaktura_preduzece',NULL,NULL,NULL,'frn_prodaja$izlaznafaktura_prodaja$izlaznafaktura_preduzece',NULL,2,1)
COMMIT
CREATE TABLE "system$synchronizationerror" (\u000d\u000a\u0009"id" BIGINT NOT NULL,\u000d\u000a\u0009"reason" VARCHAR_IGNORECASE(2147483647) NULL,\u000d\u000a\u0009"objectid" VARCHAR_IGNORECASE(200) NULL,\u000d\u000a\u0009"objecttype" VARCHAR_IGNORECASE(1000) NULL,\u000d\u000a\u0009"objectcontent" VARCHAR_IGNORECASE(2147483647) NULL,\u000d\u000a\u0009"createddate" TIMESTAMP NULL,\u000d\u000a\u0009"system$owner" BIGINT NULL,\u000d\u000a\u0009PRIMARY KEY("id"))
CREATE INDEX "idx_system$synchronizationerror_system$owner" ON "system$synchronizationerror" ("system$owner" ASC,"id" ASC)
INSERT INTO "mendixsystem$entity" VALUES('f9818ad8-3214-4b1d-b837-3181863f5ed5','System.SynchronizationError','system$synchronizationerror',NULL,FALSE,FALSE)
INSERT INTO "mendixsystem$attribute" VALUES('2f76e5ca-ccbe-4137-856b-1999a51431f2','f9818ad8-3214-4b1d-b837-3181863f5ed5','Reason','reason',30,0,'',FALSE)
INSERT INTO "mendixsystem$attribute" VALUES('7e215c6c-0cfd-4533-8529-23e4f5359b7a','f9818ad8-3214-4b1d-b837-3181863f5ed5','ObjectId','objectid',30,200,'',FALSE)
INSERT INTO "mendixsystem$attribute" VALUES('b1684d75-8427-4ed6-be7a-3f4d4e59d61e','f9818ad8-3214-4b1d-b837-3181863f5ed5','ObjectType','objecttype',30,1000,'',FALSE)
INSERT INTO "mendixsystem$attribute" VALUES('29d27bde-bc08-4f80-9d6c-9f47a3209452','f9818ad8-3214-4b1d-b837-3181863f5ed5','ObjectContent','objectcontent',30,0,'',FALSE)
INSERT INTO "mendixsystem$attribute" VALUES('a3e1c07d-2b2b-3e20-bbf0-de44e27d29f4','f9818ad8-3214-4b1d-b837-3181863f5ed5','createdDate','createddate',20,0,'',FALSE)
INSERT INTO "mendixsystem$index" VALUES('02390f36-727f-3e8e-8698-51de6cbd7dd0','f9818ad8-3214-4b1d-b837-3181863f5ed5','idx_system$synchronizationerror_system$owner')
INSERT INTO "mendixsystem$index_column" VALUES('02390f36-727f-3e8e-8698-51de6cbd7dd0','b822057e-d9ee-3cd6-8535-6bc9268cb842',FALSE,0)
INSERT INTO "mendixsystem$association" VALUES('b822057e-d9ee-3cd6-8535-6bc9268cb842','System.owner','system$synchronizationerror','f9818ad8-3214-4b1d-b837-3181863f5ed5','282e2e60-88a5-469d-84a5-ba8d9151644f','id','system$owner',NULL,NULL,NULL,'frn_system$synchronizationerror_system$owner',NULL,2,1)
COMMIT
CREATE TABLE "prodaja$stavkanarudzbenice" (\u000d\u000a\u0009"id" BIGINT NOT NULL,\u000d\u000a\u0009"kolicina" DECIMAL(28, 8) NULL,\u000d\u000a\u0009"prodaja$stavkanarudzbenice_robailiusluga" BIGINT NULL,\u000d\u000a\u0009"prodaja$stavkanarudzbenice_narudzbenicakupca" BIGINT NULL,\u000d\u000a\u0009PRIMARY KEY("id"))
CREATE INDEX "idx_prodaja$stavkanarudzbenice_prodaja$stavkanarudzbenice_robailiusluga" ON "prodaja$stavkanarudzbenice" ("prodaja$stavkanarudzbenice_robailiusluga" ASC,"id" ASC)
CREATE INDEX "idx_prodaja$stavkanarudzbenice_prodaja$stavkanarudzbenice_narudzbenicakupca" ON "prodaja$stavkanarudzbenice" ("prodaja$stavkanarudzbenice_narudzbenicakupca" ASC,"id" ASC)
INSERT INTO "mendixsystem$entity" VALUES('9395ca66-84e4-4422-938d-452d7bad8621','Prodaja.StavkaNarudzbenice','prodaja$stavkanarudzbenice',NULL,FALSE,FALSE)
INSERT INTO "mendixsystem$attribute" VALUES('c7354159-35ad-44cf-9072-4110986787a7','9395ca66-84e4-4422-938d-452d7bad8621','kolicina','kolicina',5,0,'0',FALSE)
INSERT INTO "mendixsystem$index" VALUES('df1b0cf3-a403-3a00-8c83-729c62a69949','9395ca66-84e4-4422-938d-452d7bad8621','idx_prodaja$stavkanarudzbenice_prodaja$stavkanarudzbenice_robailiusluga')
INSERT INTO "mendixsystem$index_column" VALUES('df1b0cf3-a403-3a00-8c83-729c62a69949','16a81f51-74c8-4bb0-bb53-525959d90094',FALSE,0)
INSERT INTO "mendixsystem$index" VALUES('67521e8e-195d-31cd-8f52-b8eb385a2f5d','9395ca66-84e4-4422-938d-452d7bad8621','idx_prodaja$stavkanarudzbenice_prodaja$stavkanarudzbenice_narudzbenicakupca')
INSERT INTO "mendixsystem$index_column" VALUES('67521e8e-195d-31cd-8f52-b8eb385a2f5d','c1915f1f-81a8-4f97-8888-440b094fa4fc',FALSE,0)
INSERT INTO "mendixsystem$association" VALUES('16a81f51-74c8-4bb0-bb53-525959d90094','Prodaja.StavkaNarudzbenice_RobaIliUsluga','prodaja$stavkanarudzbenice','9395ca66-84e4-4422-938d-452d7bad8621','ec0f07a2-68c8-4eed-8c4e-5b2a316152f5','id','prodaja$stavkanarudzbenice_robailiusluga',NULL,NULL,NULL,'frn_prodaja$stavkanarudzbenice_prodaja$stavkanarudzbenice_robailiusluga',NULL,2,1)
INSERT INTO "mendixsystem$association" VALUES('c1915f1f-81a8-4f97-8888-440b094fa4fc','Prodaja.StavkaNarudzbenice_NarudzbenicaKupca','prodaja$stavkanarudzbenice','9395ca66-84e4-4422-938d-452d7bad8621','f50292ea-5bef-489c-b4cd-db0246eae494','id','prodaja$stavkanarudzbenice_narudzbenicakupca',NULL,NULL,NULL,'frn_prodaja$stavkanarudzbenice_prodaja$stavkanarudzbenice_narudzbenicakupca',NULL,2,1)
COMMIT
CREATE TABLE "system$workflowdefinition" (\u000d\u000a\u0009"id" BIGINT NOT NULL,\u000d\u000a\u0009"name" VARCHAR_IGNORECASE(200) NULL,\u000d\u000a\u0009"title" VARCHAR_IGNORECASE(200) NULL,\u000d\u000a\u0009"isobsolete" BOOLEAN NULL,\u000d\u000a\u0009"islocked" BOOLEAN NULL,\u000d\u000a\u0009"modelguid" VARCHAR_IGNORECASE(36) NULL,\u000d\u000a\u0009"system$workflowdefinition_currentworkflowversion" BIGINT NULL,\u000d\u000a\u0009PRIMARY KEY("id"),\u000d\u000a\u0009CONSTRAINT "uniq_system$workflowdefinition_modelguid" UNIQUE ("modelguid"))
CREATE INDEX "idx_system$workflowdefinition_system$workflowdefinition_currentworkflowversion" ON "system$workflowdefinition" ("system$workflowdefinition_currentworkflowversion" ASC,"id" ASC)
INSERT INTO "mendixsystem$entity" VALUES('5c570d3b-7b31-44fe-abd6-269a234584c5','System.WorkflowDefinition','system$workflowdefinition',NULL,FALSE,FALSE)
INSERT INTO "mendixsystem$attribute" VALUES('d16c4272-c9d3-4371-86f6-69eb263033e1','5c570d3b-7b31-44fe-abd6-269a234584c5','Name','name',30,200,'',FALSE)
INSERT INTO "mendixsystem$attribute" VALUES('e023e8ca-3319-4698-a841-30430fdca099','5c570d3b-7b31-44fe-abd6-269a234584c5','Title','title',30,200,'',FALSE)
INSERT INTO "mendixsystem$attribute" VALUES('8554021f-9842-4c51-b124-86a102d33da7','5c570d3b-7b31-44fe-abd6-269a234584c5','IsObsolete','isobsolete',10,0,'false',FALSE)
INSERT INTO "mendixsystem$attribute" VALUES('5544e32c-48e4-4580-bac2-ed8a14f1e098','5c570d3b-7b31-44fe-abd6-269a234584c5','IsLocked','islocked',10,0,'false',FALSE)
INSERT INTO "mendixsystem$attribute" VALUES('d61ef304-2773-4336-a146-8997dfccae8a','5c570d3b-7b31-44fe-abd6-269a234584c5','ModelGUID','modelguid',30,36,'',FALSE)
INSERT INTO "mendixsystem$index" VALUES('570dd46c-df90-3a21-b5c0-f9802950f5b5','5c570d3b-7b31-44fe-abd6-269a234584c5','idx_system$workflowdefinition_system$workflowdefinition_currentworkflowversion')
INSERT INTO "mendixsystem$index_column" VALUES('570dd46c-df90-3a21-b5c0-f9802950f5b5','2b065cdd-3d2c-4517-9727-ced57d97fd03',FALSE,0)
INSERT INTO "mendixsystem$unique_constraint" VALUES('uniq_system$workflowdefinition_modelguid','5c570d3b-7b31-44fe-abd6-269a234584c5','d61ef304-2773-4336-a146-8997dfccae8a')
INSERT INTO "mendixsystem$association" VALUES('2b065cdd-3d2c-4517-9727-ced57d97fd03','System.WorkflowDefinition_CurrentWorkflowVersion','system$workflowdefinition','5c570d3b-7b31-44fe-abd6-269a234584c5','30834a21-e81c-4cbf-a10b-5f60f5fddc82','id','system$workflowdefinition_currentworkflowversion',NULL,NULL,NULL,'frn_system$workflowdefinition_system$workflowdefinition_currentworkflowversion',NULL,2,1)
COMMIT
CREATE TABLE "system$workflowendedusertaskoutcome" (\u000d\u000a\u0009"id" BIGINT NOT NULL,\u000d\u000a\u0009"outcome" VARCHAR_IGNORECASE(200) NULL,\u000d\u000a\u0009"time" TIMESTAMP NULL,\u000d\u000a\u0009PRIMARY KEY("id"))
INSERT INTO "mendixsystem$entity" VALUES('03c36ed6-7828-420c-9a27-23839d06215d','System.WorkflowEndedUserTaskOutcome','system$workflowendedusertaskoutcome',NULL,FALSE,FALSE)
INSERT INTO "mendixsystem$attribute" VALUES('4423bf8d-4eab-44bd-ac71-cabf7350ac5b','03c36ed6-7828-420c-9a27-23839d06215d','Outcome','outcome',30,200,'',FALSE)
INSERT INTO "mendixsystem$attribute" VALUES('fe10bf82-e238-4b71-8b9f-27f96f04c8e6','03c36ed6-7828-420c-9a27-23839d06215d','Time','time',20,0,'',FALSE)
COMMIT
CREATE TABLE "system$workflowusertaskdefinition" (\u000d\u000a\u0009"id" BIGINT NOT NULL,\u000d\u000a\u0009"name" VARCHAR_IGNORECASE(200) NULL,\u000d\u000a\u0009"isobsolete" BOOLEAN NULL,\u000d\u000a\u0009"modelguid" VARCHAR_IGNORECASE(36) NULL,\u000d\u000a\u0009PRIMARY KEY("id"))
INSERT INTO "mendixsystem$entity" VALUES('e09e866f-288b-475c-9465-792cde8b878c','System.WorkflowUserTaskDefinition','system$workflowusertaskdefinition',NULL,FALSE,FALSE)
INSERT INTO "mendixsystem$attribute" VALUES('895f51f8-ff84-4694-aa65-1ba19eaeca5e','e09e866f-288b-475c-9465-792cde8b878c','Name','name',30,200,'',FALSE)
INSERT INTO "mendixsystem$attribute" VALUES('a6f93dd6-2725-4746-8283-c5c1e1f16d3f','e09e866f-288b-475c-9465-792cde8b878c','IsObsolete','isobsolete',10,0,'false',FALSE)
INSERT INTO "mendixsystem$attribute" VALUES('015434e4-2727-4ee8-aef4-49d17b16afb1','e09e866f-288b-475c-9465-792cde8b878c','ModelGUID','modelguid',30,36,'',FALSE)
COMMIT
CREATE TABLE "system$unreferencedfile" (\u000d\u000a\u0009"id" BIGINT NOT NULL,\u000d\u000a\u0009"filekey" VARCHAR_IGNORECASE(36) NULL,\u000d\u000a\u0009"state" VARCHAR_IGNORECASE(8) NULL,\u000d\u000a\u0009"transactionid" VARCHAR_IGNORECASE(36) NULL,\u000d\u000a\u0009"createddate" TIMESTAMP NULL,\u000d\u000a\u0009"system$unreferencedfile_xasinstance" BIGINT NULL,\u000d\u000a\u0009PRIMARY KEY("id"))
CREATE INDEX "idx_system$unreferencedfile_system$unreferencedfile_xasinstance" ON "system$unreferencedfile" ("system$unreferencedfile_xasinstance" ASC,"id" ASC)
INSERT INTO "mendixsystem$entity" VALUES('4e336d7d-71e8-41f4-9f07-8f0646543e81','System.UnreferencedFile','system$unreferencedfile',NULL,FALSE,FALSE)
INSERT INTO "mendixsystem$attribute" VALUES('a7934e8b-3623-45c7-abf4-e8a1d93770a2','4e336d7d-71e8-41f4-9f07-8f0646543e81','FileKey','filekey',30,36,'',FALSE)
INSERT INTO "mendixsystem$attribute" VALUES('a7bd62b4-180e-4f89-8767-4df1817e5419','4e336d7d-71e8-41f4-9f07-8f0646543e81','State','state',40,8,'New',FALSE)
INSERT INTO "mendixsystem$attribute" VALUES('752e783a-9db4-4825-a87c-7e143366bd85','4e336d7d-71e8-41f4-9f07-8f0646543e81','TransactionId','transactionid',30,36,'',FALSE)
INSERT INTO "mendixsystem$attribute" VALUES('cbd2b083-ad9a-3c24-8d5e-01e8c3994cad','4e336d7d-71e8-41f4-9f07-8f0646543e81','createdDate','createddate',20,0,'',FALSE)
INSERT INTO "mendixsystem$index" VALUES('e6a85fe7-55f4-3e4c-94fe-8cd168c79b59','4e336d7d-71e8-41f4-9f07-8f0646543e81','idx_system$unreferencedfile_system$unreferencedfile_xasinstance')
INSERT INTO "mendixsystem$index_column" VALUES('e6a85fe7-55f4-3e4c-94fe-8cd168c79b59','1cbb5da6-dbb6-447a-8ea2-b193035320c7',FALSE,0)
INSERT INTO "mendixsystem$association" VALUES('1cbb5da6-dbb6-447a-8ea2-b193035320c7','System.UnreferencedFile_XASInstance','system$unreferencedfile','4e336d7d-71e8-41f4-9f07-8f0646543e81','d4154981-8dac-4150-aec5-efa3ef62a7a2','id','system$unreferencedfile_xasinstance',NULL,NULL,NULL,'frn_system$unreferencedfile_system$unreferencedfile_xasinstance',NULL,2,1)
COMMIT
CREATE TABLE "system$tokeninformation" (\u000d\u000a\u0009"id" BIGINT NOT NULL,\u000d\u000a\u0009"token" VARCHAR_IGNORECASE(200) NULL,\u000d\u000a\u0009"expirydate" TIMESTAMP NULL,\u000d\u000a\u0009"useragent" VARCHAR_IGNORECASE(2147483647) NULL,\u000d\u000a\u0009PRIMARY KEY("id"))
INSERT INTO "mendixsystem$entity" VALUES('09b2f0fe-4a11-4afc-a16e-94992a3ebc3d','System.TokenInformation','system$tokeninformation',NULL,FALSE,FALSE)
INSERT INTO "mendixsystem$attribute" VALUES('a169a8d1-b10f-427b-b492-3aebeabb7cd6','09b2f0fe-4a11-4afc-a16e-94992a3ebc3d','Token','token',30,200,'',FALSE)
INSERT INTO "mendixsystem$attribute" VALUES('8bb77a0c-0461-43f9-bb27-e91fb9e3623f','09b2f0fe-4a11-4afc-a16e-94992a3ebc3d','ExpiryDate','expirydate',20,0,'',FALSE)
INSERT INTO "mendixsystem$attribute" VALUES('0b9398e4-9bb7-4ab8-958c-43526f2c83bf','09b2f0fe-4a11-4afc-a16e-94992a3ebc3d','UserAgent','useragent',30,0,'',FALSE)
COMMIT
CREATE TABLE "prodaja$kategorijarobe" (\u000d\u000a\u0009"id" BIGINT NOT NULL,\u000d\u000a\u0009"nazivkategorije" VARCHAR_IGNORECASE(200) NULL,\u000d\u000a\u0009"stopapdv" VARCHAR_IGNORECASE(10) NULL,\u000d\u000a\u0009"prodaja$kategorijarobe_preduzece" BIGINT NULL,\u000d\u000a\u0009PRIMARY KEY("id"))
CREATE INDEX "idx_prodaja$kategorijarobe_prodaja$kategorijarobe_preduzece" ON "prodaja$kategorijarobe" ("prodaja$kategorijarobe_preduzece" ASC,"id" ASC)
INSERT INTO "mendixsystem$entity" VALUES('688e3395-2151-45c2-bf9a-1bac77757e25','Prodaja.KategorijaRobe','prodaja$kategorijarobe',NULL,FALSE,FALSE)
INSERT INTO "mendixsystem$attribute" VALUES('b706410b-ffb7-4379-917b-6a2708840219','688e3395-2151-45c2-bf9a-1bac77757e25','nazivKategorije','nazivkategorije',30,200,'',FALSE)
INSERT INTO "mendixsystem$attribute" VALUES('9bf1bc99-eda3-42f7-9e87-45dd51e5cfa7','688e3395-2151-45c2-bf9a-1bac77757e25','stopaPDV','stopapdv',40,10,'',FALSE)
INSERT INTO "mendixsystem$index" VALUES('90e68d26-ca27-32f4-bfc4-a6002befe1df','688e3395-2151-45c2-bf9a-1bac77757e25','idx_prodaja$kategorijarobe_prodaja$kategorijarobe_preduzece')
INSERT INTO "mendixsystem$index_column" VALUES('90e68d26-ca27-32f4-bfc4-a6002befe1df','128ec785-167a-4c88-bdda-dd5f99342a71',FALSE,0)
INSERT INTO "mendixsystem$association" VALUES('128ec785-167a-4c88-bdda-dd5f99342a71','Prodaja.KategorijaRobe_Preduzece','prodaja$kategorijarobe','688e3395-2151-45c2-bf9a-1bac77757e25','5a08e249-ed51-4aaf-a3ea-9ea055ce8837','id','prodaja$kategorijarobe_preduzece',NULL,NULL,NULL,'frn_prodaja$kategorijarobe_prodaja$kategorijarobe_preduzece',NULL,2,1)
COMMIT
CREATE TABLE "fileuploader$uploadedimage" (\u000d\u000a\u0009"id" BIGINT NOT NULL,\u000d\u000a\u0009PRIMARY KEY("id"))
INSERT INTO "mendixsystem$entity" VALUES('773a363d-782d-43c5-a86a-eada148fcf1f','FileUploader.UploadedImage','fileuploader$uploadedimage','37827192-315d-4ab6-85b8-f626f866ea76',FALSE,FALSE)
COMMIT
CREATE TABLE "prodaja$cenovnik" (\u000d\u000a\u0009"id" BIGINT NOT NULL,\u000d\u000a\u0009"datumvazenja" TIMESTAMP NULL,\u000d\u000a\u0009"prodaja$cenovnik_preduzece" BIGINT NULL,\u000d\u000a\u0009PRIMARY KEY("id"))
CREATE INDEX "idx_prodaja$cenovnik_prodaja$cenovnik_preduzece" ON "prodaja$cenovnik" ("prodaja$cenovnik_preduzece" ASC,"id" ASC)
INSERT INTO "mendixsystem$entity" VALUES('6ce831ac-593f-4d38-b933-f9c48c85b8f1','Prodaja.Cenovnik','prodaja$cenovnik',NULL,FALSE,FALSE)
INSERT INTO "mendixsystem$attribute" VALUES('381753fe-8d65-479c-b74b-ad1ae10e501d','6ce831ac-593f-4d38-b933-f9c48c85b8f1','datumVazenja','datumvazenja',20,0,'',FALSE)
INSERT INTO "mendixsystem$index" VALUES('0308644e-bb45-38ae-9a68-c8521848ba57','6ce831ac-593f-4d38-b933-f9c48c85b8f1','idx_prodaja$cenovnik_prodaja$cenovnik_preduzece')
INSERT INTO "mendixsystem$index_column" VALUES('0308644e-bb45-38ae-9a68-c8521848ba57','2cc7f77f-749a-4073-a00f-63e88b070136',FALSE,0)
INSERT INTO "mendixsystem$association" VALUES('2cc7f77f-749a-4073-a00f-63e88b070136','Prodaja.Cenovnik_Preduzece','prodaja$cenovnik','6ce831ac-593f-4d38-b933-f9c48c85b8f1','5a08e249-ed51-4aaf-a3ea-9ea055ce8837','id','prodaja$cenovnik_preduzece',NULL,NULL,NULL,'frn_prodaja$cenovnik_prodaja$cenovnik_preduzece',NULL,2,1)
COMMIT
CREATE TABLE "system$workflowendedusertask" (\u000d\u000a\u0009"id" BIGINT NOT NULL,\u000d\u000a\u0009"name" VARCHAR_IGNORECASE(2147483647) NULL,\u000d\u000a\u0009"description" VARCHAR_IGNORECASE(2147483647) NULL,\u000d\u000a\u0009"starttime" TIMESTAMP NULL,\u000d\u000a\u0009"duedate" TIMESTAMP NULL,\u000d\u000a\u0009"endtime" TIMESTAMP NULL,\u000d\u000a\u0009"outcome" VARCHAR_IGNORECASE(200) NULL,\u000d\u000a\u0009"state" VARCHAR_IGNORECASE(10) NULL,\u000d\u000a\u0009"completiontype" VARCHAR_IGNORECASE(9) NULL,\u000d\u000a\u0009"usertaskkey" VARCHAR_IGNORECASE(200) NULL,\u000d\u000a\u0009"error" VARCHAR_IGNORECASE(2147483647) NULL,\u000d\u000a\u0009PRIMARY KEY("id"))
INSERT INTO "mendixsystem$entity" VALUES('2e12231f-c3b1-4b7c-bc42-d82c778a62a4','System.WorkflowEndedUserTask','system$workflowendedusertask',NULL,FALSE,FALSE)
INSERT INTO "mendixsystem$attribute" VALUES('328240c4-b920-4200-8e85-d6a420f1ceaa','2e12231f-c3b1-4b7c-bc42-d82c778a62a4','Name','name',30,0,'',FALSE)
INSERT INTO "mendixsystem$attribute" VALUES('285fe8e2-5369-4e24-8d40-c70785d55ef1','2e12231f-c3b1-4b7c-bc42-d82c778a62a4','Description','description',30,0,'',FALSE)
INSERT INTO "mendixsystem$attribute" VALUES('6710c9b3-0288-46dd-a624-cea974366ea2','2e12231f-c3b1-4b7c-bc42-d82c778a62a4','StartTime','starttime',20,0,'',FALSE)
INSERT INTO "mendixsystem$attribute" VALUES('088feb52-0ac7-4997-bf5b-7564aea4e44d','2e12231f-c3b1-4b7c-bc42-d82c778a62a4','DueDate','duedate',20,0,'',FALSE)
INSERT INTO "mendixsystem$attribute" VALUES('90e6130c-018f-4f21-b749-6b4c3f40e705','2e12231f-c3b1-4b7c-bc42-d82c778a62a4','EndTime','endtime',20,0,'',FALSE)
INSERT INTO "mendixsystem$attribute" VALUES('08faf160-3940-4ee3-b95c-92cea1f231af','2e12231f-c3b1-4b7c-bc42-d82c778a62a4','Outcome','outcome',30,200,'',FALSE)
INSERT INTO "mendixsystem$attribute" VALUES('480d214f-b588-4a45-99e6-7809c2da5762','2e12231f-c3b1-4b7c-bc42-d82c778a62a4','State','state',40,10,'Created',FALSE)
INSERT INTO "mendixsystem$attribute" VALUES('7a92c3a2-061c-4c59-baa3-0f5373880bb3','2e12231f-c3b1-4b7c-bc42-d82c778a62a4','CompletionType','completiontype',40,9,'Single',FALSE)
INSERT INTO "mendixsystem$attribute" VALUES('2cfe5222-30be-4047-ba8a-2fccc1ac495c','2e12231f-c3b1-4b7c-bc42-d82c778a62a4','UserTaskKey','usertaskkey',30,200,'',FALSE)
INSERT INTO "mendixsystem$attribute" VALUES('a0b2a84e-a652-419b-a75e-9e1f7f47bf0d','2e12231f-c3b1-4b7c-bc42-d82c778a62a4','Error','error',30,0,'',FALSE)
COMMIT
CREATE TABLE "system$filedocument" (\u000d\u000a\u0009"id" BIGINT NOT NULL,\u000d\u000a\u0009"fileid" BIGINT NULL,\u000d\u000a\u0009"name" VARCHAR_IGNORECASE(400) NULL,\u000d\u000a\u0009"deleteafterdownload" BOOLEAN NULL,\u000d\u000a\u0009"contents" LONGVARBINARY NULL,\u000d\u000a\u0009"hascontents" BOOLEAN NULL,\u000d\u000a\u0009"size" BIGINT NULL,\u000d\u000a\u0009"__filename__" BIGINT NULL,\u000d\u000a\u0009"__uuid__" VARCHAR_IGNORECASE(36) NULL,\u000d\u000a\u0009"createddate" TIMESTAMP NULL,\u000d\u000a\u0009"changeddate" TIMESTAMP NULL,\u000d\u000a\u0009"submetaobjectname" VARCHAR_IGNORECASE(255) NULL,\u000d\u000a\u0009"system$owner" BIGINT NULL,\u000d\u000a\u0009"system$changedby" BIGINT NULL,\u000d\u000a\u0009PRIMARY KEY("id"))
CREATE SEQUENCE "system$filedocument_fileid_mxseq" AS BIGINT START WITH 1
CREATE INDEX "idx_system$filedocument_fileid_asc" ON "system$filedocument" ("fileid" ASC,"id" ASC)
CREATE INDEX "idx_system$filedocument_size_asc" ON "system$filedocument" ("size" ASC,"id" ASC)
CREATE INDEX "idx_system$filedocument___uuid___asc" ON "system$filedocument" ("__uuid__" ASC,"id" ASC)
CREATE INDEX "idx_system$filedocument_submetaobjectname_asc" ON "system$filedocument" ("submetaobjectname" ASC,"id" ASC)
CREATE INDEX "idx_system$filedocument_system$owner" ON "system$filedocument" ("system$owner" ASC,"id" ASC)
CREATE INDEX "idx_system$filedocument_system$changedby" ON "system$filedocument" ("system$changedby" ASC,"id" ASC)
INSERT INTO "mendixsystem$entity" VALUES('170ce49d-f29c-4fac-99a6-b55e8a3aeb39','System.FileDocument','system$filedocument',NULL,FALSE,FALSE)
INSERT INTO "mendixsystem$attribute" VALUES('0f81688b-e719-4204-8f86-8fcd664a0992','170ce49d-f29c-4fac-99a6-b55e8a3aeb39','FileID','fileid',0,0,'1',TRUE)
INSERT INTO "mendixsystem$sequence" VALUES('system$filedocument_fileid_mxseq','0f81688b-e719-4204-8f86-8fcd664a0992',1,0)
INSERT INTO "mendixsystem$attribute" VALUES('3501ab9f-42c7-46e4-ac8f-c51e256c934e','170ce49d-f29c-4fac-99a6-b55e8a3aeb39','Name','name',30,400,'',FALSE)
INSERT INTO "mendixsystem$attribute" VALUES('5fecca4d-0f28-484d-9fe7-1afde250b07d','170ce49d-f29c-4fac-99a6-b55e8a3aeb39','DeleteAfterDownload','deleteafterdownload',10,0,'false',FALSE)
INSERT INTO "mendixsystem$attribute" VALUES('e6dfb82a-54fe-4fcd-a513-a086f508c2db','170ce49d-f29c-4fac-99a6-b55e8a3aeb39','Contents','contents',50,0,'',FALSE)
INSERT INTO "mendixsystem$attribute" VALUES('4c9627fb-3b64-4239-95eb-f51fb8d3f2b3','170ce49d-f29c-4fac-99a6-b55e8a3aeb39','HasContents','hascontents',10,0,'false',FALSE)
INSERT INTO "mendixsystem$attribute" VALUES('14018140-78df-4e36-9869-d0b53129d2c9','170ce49d-f29c-4fac-99a6-b55e8a3aeb39','Size','size',4,0,'-1',FALSE)
INSERT INTO "mendixsystem$attribute" VALUES('a02027b1-e24d-49fc-9b3f-ade644070879','170ce49d-f29c-4fac-99a6-b55e8a3aeb39','__FileName__','__filename__',4,0,'0',FALSE)
INSERT INTO "mendixsystem$attribute" VALUES('96445370-6fed-11e4-9803-0800200c9a66','170ce49d-f29c-4fac-99a6-b55e8a3aeb39','__UUID__','__uuid__',30,36,'',FALSE)
INSERT INTO "mendixsystem$attribute" VALUES('8655b482-0ac3-31db-8289-b05f505b77cb','170ce49d-f29c-4fac-99a6-b55e8a3aeb39','createdDate','createddate',20,0,'',FALSE)
INSERT INTO "mendixsystem$attribute" VALUES('245def96-0172-3d83-96fe-0ee1ba825f26','170ce49d-f29c-4fac-99a6-b55e8a3aeb39','changedDate','changeddate',20,0,'',FALSE)
INSERT INTO "mendixsystem$attribute" VALUES('b51ea62a-1838-3f74-9c5f-07b5b5a92a45','170ce49d-f29c-4fac-99a6-b55e8a3aeb39','submetaobjectname','submetaobjectname',30,255,'System.FileDocument',FALSE)
INSERT INTO "mendixsystem$index" VALUES('6ceea2cb-6acf-457a-852f-eb7deab79430','170ce49d-f29c-4fac-99a6-b55e8a3aeb39','idx_system$filedocument_fileid_asc')
INSERT INTO "mendixsystem$index_column" VALUES('6ceea2cb-6acf-457a-852f-eb7deab79430','0f81688b-e719-4204-8f86-8fcd664a0992',FALSE,0)
INSERT INTO "mendixsystem$index" VALUES('59de2f9e-3e30-4dd7-a5de-58594a63ea2b','170ce49d-f29c-4fac-99a6-b55e8a3aeb39','idx_system$filedocument_size_asc')
INSERT INTO "mendixsystem$index_column" VALUES('59de2f9e-3e30-4dd7-a5de-58594a63ea2b','14018140-78df-4e36-9869-d0b53129d2c9',FALSE,0)
INSERT INTO "mendixsystem$index" VALUES('17f7461b-5b7c-494d-8fde-b531299c42b0','170ce49d-f29c-4fac-99a6-b55e8a3aeb39','idx_system$filedocument___uuid___asc')
INSERT INTO "mendixsystem$index_column" VALUES('17f7461b-5b7c-494d-8fde-b531299c42b0','96445370-6fed-11e4-9803-0800200c9a66',FALSE,0)
INSERT INTO "mendixsystem$index" VALUES('dfd88a6e-a3b6-3080-b6cc-d5c61334281d','170ce49d-f29c-4fac-99a6-b55e8a3aeb39','idx_system$filedocument_submetaobjectname_asc')
INSERT INTO "mendixsystem$index_column" VALUES('dfd88a6e-a3b6-3080-b6cc-d5c61334281d','b51ea62a-1838-3f74-9c5f-07b5b5a92a45',FALSE,0)
INSERT INTO "mendixsystem$index" VALUES('a5c117d9-85fc-365e-9a66-909509269987','170ce49d-f29c-4fac-99a6-b55e8a3aeb39','idx_system$filedocument_system$owner')
INSERT INTO "mendixsystem$index_column" VALUES('a5c117d9-85fc-365e-9a66-909509269987','1442c9da-d4ae-3cf5-b3c0-6c878743e4e5',FALSE,0)
INSERT INTO "mendixsystem$index" VALUES('a1966801-fcea-3251-82e4-bf4178bdc504','170ce49d-f29c-4fac-99a6-b55e8a3aeb39','idx_system$filedocument_system$changedby')
INSERT INTO "mendixsystem$index_column" VALUES('a1966801-fcea-3251-82e4-bf4178bdc504','956c1382-b9fc-3367-b0b2-cb67ee9ef13f',FALSE,0)
INSERT INTO "mendixsystem$association" VALUES('1442c9da-d4ae-3cf5-b3c0-6c878743e4e5','System.owner','system$filedocument','170ce49d-f29c-4fac-99a6-b55e8a3aeb39','282e2e60-88a5-469d-84a5-ba8d9151644f','id','system$owner',NULL,NULL,NULL,'frn_system$filedocument_system$owner',NULL,2,1)
INSERT INTO "mendixsystem$association" VALUES('956c1382-b9fc-3367-b0b2-cb67ee9ef13f','System.changedBy','system$filedocument','170ce49d-f29c-4fac-99a6-b55e8a3aeb39','282e2e60-88a5-469d-84a5-ba8d9151644f','id','system$changedby',NULL,NULL,NULL,'frn_system$filedocument_system$changedby',NULL,2,1)
COMMIT
CREATE TABLE "system$userreportinfo" (\u000d\u000a\u0009"id" BIGINT NOT NULL,\u000d\u000a\u0009"usertype" VARCHAR_IGNORECASE(8) NULL,\u000d\u000a\u0009"hash" VARCHAR_IGNORECASE(64) NULL,\u000d\u000a\u0009PRIMARY KEY("id"))
INSERT INTO "mendixsystem$entity" VALUES('1c90a770-98ef-45df-9267-b87973cc6581','System.UserReportInfo','system$userreportinfo',NULL,FALSE,FALSE)
INSERT INTO "mendixsystem$attribute" VALUES('d6f4a7fc-3c2d-4793-bfc0-8dde42937863','1c90a770-98ef-45df-9267-b87973cc6581','UserType','usertype',40,8,'Internal',FALSE)
INSERT INTO "mendixsystem$attribute" VALUES('e959c75a-c655-45d8-8b7d-a4335dcbf581','1c90a770-98ef-45df-9267-b87973cc6581','Hash','hash',30,64,'',FALSE)
COMMIT
CREATE TABLE "system$workflow" (\u000d\u000a\u0009"id" BIGINT NOT NULL,\u000d\u000a\u0009"name" VARCHAR_IGNORECASE(200) NULL,\u000d\u000a\u0009"description" VARCHAR_IGNORECASE(2147483647) NULL,\u000d\u000a\u0009"starttime" TIMESTAMP NULL,\u000d\u000a\u0009"endtime" TIMESTAMP NULL,\u000d\u000a\u0009"duedate" TIMESTAMP NULL,\u000d\u000a\u0009"canberestarted" BOOLEAN NULL,\u000d\u000a\u0009"canbecontinued" BOOLEAN NULL,\u000d\u000a\u0009"canapplyjumpto" BOOLEAN NULL,\u000d\u000a\u0009"state" VARCHAR_IGNORECASE(12) NULL,\u000d\u000a\u0009"reason" VARCHAR_IGNORECASE(2147483647) NULL,\u000d\u000a\u0009"previousstate" VARCHAR_IGNORECASE(12) NULL,\u000d\u000a\u0009"objectid" BIGINT NULL,\u000d\u000a\u0009"processingstate" VARCHAR_IGNORECASE(30) NULL,\u000d\u000a\u0009"system$owner" BIGINT NULL,\u000d\u000a\u0009PRIMARY KEY("id"))
CREATE INDEX "idx_system$workflow_system$owner" ON "system$workflow" ("system$owner" ASC,"id" ASC)
INSERT INTO "mendixsystem$entity" VALUES('2ae37bf5-ecb8-4c55-b967-d7383925b208','System.Workflow','system$workflow',NULL,FALSE,FALSE)
INSERT INTO "mendixsystem$attribute" VALUES('77cf3524-fcfe-40cf-8ac0-b073015550ef','2ae37bf5-ecb8-4c55-b967-d7383925b208','Name','name',30,200,'',FALSE)
INSERT INTO "mendixsystem$attribute" VALUES('8a6b4eb4-9b10-4060-a823-79dd4c19c217','2ae37bf5-ecb8-4c55-b967-d7383925b208','Description','description',30,0,'',FALSE)
INSERT INTO "mendixsystem$attribute" VALUES('c627be00-3ea1-4890-9621-d3dad9f11c21','2ae37bf5-ecb8-4c55-b967-d7383925b208','StartTime','starttime',20,0,'',FALSE)
INSERT INTO "mendixsystem$attribute" VALUES('59f6ed7a-8e1a-46c5-a288-c60cdd1baf50','2ae37bf5-ecb8-4c55-b967-d7383925b208','EndTime','endtime',20,0,'',FALSE)
INSERT INTO "mendixsystem$attribute" VALUES('80796d39-0dde-4af7-b619-53ec9950014b','2ae37bf5-ecb8-4c55-b967-d7383925b208','DueDate','duedate',20,0,'',FALSE)
INSERT INTO "mendixsystem$attribute" VALUES('49d88092-1ce9-46e5-baad-b6c22831824d','2ae37bf5-ecb8-4c55-b967-d7383925b208','CanBeRestarted','canberestarted',10,0,'false',FALSE)
INSERT INTO "mendixsystem$attribute" VALUES('dec2408c-8fea-4232-8208-cad1117ca406','2ae37bf5-ecb8-4c55-b967-d7383925b208','CanBeContinued','canbecontinued',10,0,'false',FALSE)
INSERT INTO "mendixsystem$attribute" VALUES('986e45cf-3a56-4836-8ece-53df4d3dcf9e','2ae37bf5-ecb8-4c55-b967-d7383925b208','CanApplyJumpTo','canapplyjumpto',10,0,'true',FALSE)
INSERT INTO "mendixsystem$attribute" VALUES('ec48ea64-d4ae-42dd-8fbe-6c3716181dc7','2ae37bf5-ecb8-4c55-b967-d7383925b208','State','state',40,12,'InProgress',FALSE)
INSERT INTO "mendixsystem$attribute" VALUES('89e83bbd-6379-4601-89b4-825c02c7de6b','2ae37bf5-ecb8-4c55-b967-d7383925b208','Reason','reason',30,0,'',FALSE)
INSERT INTO "mendixsystem$attribute" VALUES('4c70166c-8ebb-4105-a35a-d1e15a82d925','2ae37bf5-ecb8-4c55-b967-d7383925b208','PreviousState','previousstate',40,12,'',FALSE)
INSERT INTO "mendixsystem$attribute" VALUES('e8722447-9692-4c59-8a28-153a4f6ebddb','2ae37bf5-ecb8-4c55-b967-d7383925b208','ObjectId','objectid',4,0,'0',FALSE)
INSERT INTO "mendixsystem$attribute" VALUES('cbff7155-11df-47da-8619-b8bd72f40604','2ae37bf5-ecb8-4c55-b967-d7383925b208','ProcessingState','processingstate',30,30,'Ready',FALSE)
INSERT INTO "mendixsystem$index" VALUES('ac892dd9-fb9e-3590-aaf5-e3e2c7fbc021','2ae37bf5-ecb8-4c55-b967-d7383925b208','idx_system$workflow_system$owner')
INSERT INTO "mendixsystem$index_column" VALUES('ac892dd9-fb9e-3590-aaf5-e3e2c7fbc021','2cf6fdd7-e448-3a4d-b70e-6d875c2136d7',FALSE,0)
INSERT INTO "mendixsystem$association" VALUES('2cf6fdd7-e448-3a4d-b70e-6d875c2136d7','System.owner','system$workflow','2ae37bf5-ecb8-4c55-b967-d7383925b208','282e2e60-88a5-469d-84a5-ba8d9151644f','id','system$owner',NULL,NULL,NULL,'frn_system$workflow_system$owner',NULL,2,1)
COMMIT
CREATE TABLE "myfirstmodule$prometrobnekartice" (\u000d\u000a\u0009"id" BIGINT NOT NULL,\u000d\u000a\u0009"vrstaprometa" VARCHAR_IGNORECASE(21) NULL,\u000d\u000a\u0009"kolicina" INT NULL,\u000d\u000a\u0009"smerprometa" VARCHAR_IGNORECASE(5) NULL,\u000d\u000a\u0009"cena" INT NULL,\u000d\u000a\u0009"vrednost" INT NULL,\u000d\u000a\u0009"napomena" VARCHAR_IGNORECASE(200) NULL,\u000d\u000a\u0009"datumprometa" TIMESTAMP NULL,\u000d\u000a\u0009"myfirstmodule$prometrobnekartice_robnakartica" BIGINT NULL,\u000d\u000a\u0009PRIMARY KEY("id"))
CREATE INDEX "idx_myfirstmodule$prometrobnekartice_myfirstmodule$prometrobnekartice_robnakartica" ON "myfirstmodule$prometrobnekartice" ("myfirstmodule$prometrobnekartice_robnakartica" ASC,"id" ASC)
INSERT INTO "mendixsystem$entity" VALUES('13569267-75e5-48f9-911f-3850836274bb','MyFirstModule.PrometRobneKartice','myfirstmodule$prometrobnekartice',NULL,FALSE,FALSE)
INSERT INTO "mendixsystem$attribute" VALUES('d7d5776b-e8b4-4a08-99f2-25a8fcaa7e22','13569267-75e5-48f9-911f-3850836274bb','vrstaPrometa','vrstaprometa',40,21,'',FALSE)
INSERT INTO "mendixsystem$attribute" VALUES('f2b1ab24-5e75-4075-b719-51c6a8128ba2','13569267-75e5-48f9-911f-3850836274bb','kolicina','kolicina',3,0,'0',FALSE)
INSERT INTO "mendixsystem$attribute" VALUES('b10a2e67-f414-4e80-9e22-2e9672e0906c','13569267-75e5-48f9-911f-3850836274bb','smerPrometa','smerprometa',40,5,'',FALSE)
INSERT INTO "mendixsystem$attribute" VALUES('335f6836-cff6-4e0d-ac17-19af507c3acd','13569267-75e5-48f9-911f-3850836274bb','cena','cena',3,0,'0',FALSE)
INSERT INTO "mendixsystem$attribute" VALUES('6e3c992b-0b97-4ee0-9349-ce5bc4263a15','13569267-75e5-48f9-911f-3850836274bb','vrednost','vrednost',3,0,'0',FALSE)
INSERT INTO "mendixsystem$attribute" VALUES('4632b2b1-a3f6-4489-93b2-234e1907b52c','13569267-75e5-48f9-911f-3850836274bb','napomena','napomena',30,200,'',FALSE)
INSERT INTO "mendixsystem$attribute" VALUES('b24d1093-f1a7-48a1-9d92-d37f6fb89e74','13569267-75e5-48f9-911f-3850836274bb','datumPrometa','datumprometa',20,0,'',FALSE)
INSERT INTO "mendixsystem$index" VALUES('3770f11a-ce9e-3d33-b18c-20bfa008a5f0','13569267-75e5-48f9-911f-3850836274bb','idx_myfirstmodule$prometrobnekartice_myfirstmodule$prometrobnekartice_robnakartica')
INSERT INTO "mendixsystem$index_column" VALUES('3770f11a-ce9e-3d33-b18c-20bfa008a5f0','ac39a795-30a4-4660-a0ea-0ef9bdf5bf2e',FALSE,0)
INSERT INTO "mendixsystem$association" VALUES('ac39a795-30a4-4660-a0ea-0ef9bdf5bf2e','MyFirstModule.PrometRobneKartice_RobnaKartica','myfirstmodule$prometrobnekartice','13569267-75e5-48f9-911f-3850836274bb','7df7c2ec-0e85-4184-904d-e28be20102e5','id','myfirstmodule$prometrobnekartice_robnakartica',NULL,NULL,NULL,'frn_myfirstmodule$prometrobnekartice_myfirstmodule$prometrobnekartice_robnakartica',NULL,2,1)
COMMIT
CREATE TABLE "system$session" (\u000d\u000a\u0009"id" BIGINT NOT NULL,\u000d\u000a\u0009"sessionid" VARCHAR_IGNORECASE(50) NULL,\u000d\u000a\u0009"csrftoken" VARCHAR_IGNORECASE(36) NULL,\u000d\u000a\u0009"lastactive" TIMESTAMP NULL,\u000d\u000a\u0009"longlived" BOOLEAN NULL,\u000d\u000a\u0009"readonlyhashkey" VARCHAR_IGNORECASE(36) NULL,\u000d\u000a\u0009"lastactionexecution" TIMESTAMP NULL,\u000d\u000a\u0009"createddate" TIMESTAMP NULL,\u000d\u000a\u0009PRIMARY KEY("id"))
CREATE INDEX "idx_system$session_sessionid_asc" ON "system$session" ("sessionid" ASC,"id" ASC)
INSERT INTO "mendixsystem$entity" VALUES('37f9fd49-5318-4c63-9a51-f761779b202f','System.Session','system$session',NULL,FALSE,FALSE)
INSERT INTO "mendixsystem$attribute" VALUES('d50c78a5-d740-4a76-a356-47659cfd515e','37f9fd49-5318-4c63-9a51-f761779b202f','SessionId','sessionid',30,50,'',FALSE)
INSERT INTO "mendixsystem$attribute" VALUES('f4d19200-071c-45e5-af25-321354f0702b','37f9fd49-5318-4c63-9a51-f761779b202f','CSRFToken','csrftoken',30,36,'',FALSE)
INSERT INTO "mendixsystem$attribute" VALUES('1ffdcb00-e7a4-4303-8b40-2319d9ba01b7','37f9fd49-5318-4c63-9a51-f761779b202f','LastActive','lastactive',20,0,'',FALSE)
INSERT INTO "mendixsystem$attribute" VALUES('875dc581-177c-457a-8406-814676ccdb05','37f9fd49-5318-4c63-9a51-f761779b202f','LongLived','longlived',10,0,'false',FALSE)
INSERT INTO "mendixsystem$attribute" VALUES('f1949c9c-7b28-11e6-8b77-86f30ca893d3','37f9fd49-5318-4c63-9a51-f761779b202f','ReadOnlyHashKey','readonlyhashkey',30,36,'',FALSE)
INSERT INTO "mendixsystem$attribute" VALUES('8b42eee4-92e5-4472-9f12-3a4e73291f2b','37f9fd49-5318-4c63-9a51-f761779b202f','LastActionExecution','lastactionexecution',20,0,'',FALSE)
INSERT INTO "mendixsystem$attribute" VALUES('0c2b42ef-02bd-3783-bf55-02a92f4275c7','37f9fd49-5318-4c63-9a51-f761779b202f','createdDate','createddate',20,0,'',FALSE)
INSERT INTO "mendixsystem$index" VALUES('6127a5ae-0a96-4df5-9856-17baf94b2351','37f9fd49-5318-4c63-9a51-f761779b202f','idx_system$session_sessionid_asc')
INSERT INTO "mendixsystem$index_column" VALUES('6127a5ae-0a96-4df5-9856-17baf94b2351','d50c78a5-d740-4a76-a356-47659cfd515e',FALSE,0)
COMMIT
CREATE TABLE "myfirstmodule$preduzece" (\u000d\u000a\u0009"id" BIGINT NOT NULL,\u000d\u000a\u0009"nazivpreduzeca" VARCHAR_IGNORECASE(200) NULL,\u000d\u000a\u0009"pib" VARCHAR_IGNORECASE(200) NULL,\u000d\u000a\u0009"adresapreduzeca" VARCHAR_IGNORECASE(200) NULL,\u000d\u000a\u0009PRIMARY KEY("id"))
INSERT INTO "mendixsystem$entity" VALUES('5a08e249-ed51-4aaf-a3ea-9ea055ce8837','MyFirstModule.Preduzece','myfirstmodule$preduzece',NULL,FALSE,FALSE)
INSERT INTO "mendixsystem$attribute" VALUES('6c599560-cfec-4931-9cf1-5fb56e9cab27','5a08e249-ed51-4aaf-a3ea-9ea055ce8837','nazivPreduzeca','nazivpreduzeca',30,200,'',FALSE)
INSERT INTO "mendixsystem$attribute" VALUES('d4c14aaf-1c59-45f6-b8c5-ec95317c4373','5a08e249-ed51-4aaf-a3ea-9ea055ce8837','PIB','pib',30,200,'',FALSE)
INSERT INTO "mendixsystem$attribute" VALUES('2452b440-a781-4a63-88e8-195f0b7bcf35','5a08e249-ed51-4aaf-a3ea-9ea055ce8837','adresaPreduzeca','adresapreduzeca',30,200,'',FALSE)
COMMIT
CREATE TABLE "myfirstmodule$poslovnagodina" (\u000d\u000a\u0009"id" BIGINT NOT NULL,\u000d\u000a\u0009"godina" INT NULL,\u000d\u000a\u0009"zakljucena" BOOLEAN NULL,\u000d\u000a\u0009"myfirstmodule$poslovnagodina_preduzece" BIGINT NULL,\u000d\u000a\u0009PRIMARY KEY("id"))
CREATE INDEX "idx_myfirstmodule$poslovnagodina_myfirstmodule$poslovnagodina_preduzece" ON "myfirstmodule$poslovnagodina" ("myfirstmodule$poslovnagodina_preduzece" ASC,"id" ASC)
INSERT INTO "mendixsystem$entity" VALUES('7a2371c6-62d4-404f-b08a-4e60cc8df1a8','MyFirstModule.PoslovnaGodina','myfirstmodule$poslovnagodina',NULL,FALSE,FALSE)
INSERT INTO "mendixsystem$attribute" VALUES('50c730d5-6c0c-4500-b087-7405a873e534','7a2371c6-62d4-404f-b08a-4e60cc8df1a8','godina','godina',3,0,'0',FALSE)
INSERT INTO "mendixsystem$attribute" VALUES('d56b001c-fcb9-4d90-9578-0595eb00e4b5','7a2371c6-62d4-404f-b08a-4e60cc8df1a8','zakljucena','zakljucena',10,0,'false',FALSE)
INSERT INTO "mendixsystem$index" VALUES('06abdf1d-2682-33d2-83e6-6959c1d0b7d1','7a2371c6-62d4-404f-b08a-4e60cc8df1a8','idx_myfirstmodule$poslovnagodina_myfirstmodule$poslovnagodina_preduzece')
INSERT INTO "mendixsystem$index_column" VALUES('06abdf1d-2682-33d2-83e6-6959c1d0b7d1','4b8165cc-1735-4b1f-a126-d6f48c3fcc75',FALSE,0)
INSERT INTO "mendixsystem$association" VALUES('4b8165cc-1735-4b1f-a126-d6f48c3fcc75','MyFirstModule.PoslovnaGodina_Preduzece','myfirstmodule$poslovnagodina','7a2371c6-62d4-404f-b08a-4e60cc8df1a8','5a08e249-ed51-4aaf-a3ea-9ea055ce8837','id','myfirstmodule$poslovnagodina_preduzece',NULL,NULL,NULL,'frn_myfirstmodule$poslovnagodina_myfirstmodule$poslovnagodina_preduzece',NULL,2,1)
COMMIT
CREATE TABLE "system$processedqueuetask" (\u000d\u000a\u0009"id" BIGINT NOT NULL,\u000d\u000a\u0009"sequence" BIGINT NULL,\u000d\u000a\u0009"status" VARCHAR_IGNORECASE(12) NULL,\u000d\u000a\u0009"queueid" VARCHAR_IGNORECASE(36) NULL,\u000d\u000a\u0009"queuename" VARCHAR_IGNORECASE(200) NULL,\u000d\u000a\u0009"contexttype" VARCHAR_IGNORECASE(14) NULL,\u000d\u000a\u0009"contextdata" VARCHAR_IGNORECASE(2147483647) NULL,\u000d\u000a\u0009"microflowname" VARCHAR_IGNORECASE(200) NULL,\u000d\u000a\u0009"useractionname" VARCHAR_IGNORECASE(200) NULL,\u000d\u000a\u0009"arguments" VARCHAR_IGNORECASE(2147483647) NULL,\u000d\u000a\u0009"xasid" VARCHAR_IGNORECASE(50) NULL,\u000d\u000a\u0009"threadid" BIGINT NULL,\u000d\u000a\u0009"created" TIMESTAMP NULL,\u000d\u000a\u0009"startat" TIMESTAMP NULL,\u000d\u000a\u0009"started" TIMESTAMP NULL,\u000d\u000a\u0009"finished" TIMESTAMP NULL,\u000d\u000a\u0009"duration" BIGINT NULL,\u000d\u000a\u0009"retried" BIGINT NULL,\u000d\u000a\u0009"errormessage" VARCHAR_IGNORECASE(2147483647) NULL,\u000d\u000a\u0009"scheduledeventname" VARCHAR_IGNORECASE(200) NULL,\u000d\u000a\u0009"system$owner" BIGINT NULL,\u000d\u000a\u0009PRIMARY KEY("id"))
CREATE INDEX "idx_system$processedqueuetask_system$owner" ON "system$processedqueuetask" ("system$owner" ASC,"id" ASC)
INSERT INTO "mendixsystem$entity" VALUES('eb5c32a1-85ec-49d1-8bca-ecca779cd539','System.ProcessedQueueTask','system$processedqueuetask',NULL,FALSE,FALSE)
INSERT INTO "mendixsystem$attribute" VALUES('a1c19d5b-0798-452a-b8d9-4f60e684cc1b','eb5c32a1-85ec-49d1-8bca-ecca779cd539','Sequence','sequence',4,0,'',FALSE)
INSERT INTO "mendixsystem$attribute" VALUES('6609f51d-d19f-49df-92d8-582e78e55ba0','eb5c32a1-85ec-49d1-8bca-ecca779cd539','Status','status',40,12,'',FALSE)
INSERT INTO "mendixsystem$attribute" VALUES('6c8ea01f-faf8-40dd-8b81-297fbe14cda4','eb5c32a1-85ec-49d1-8bca-ecca779cd539','QueueId','queueid',30,36,'',FALSE)
INSERT INTO "mendixsystem$attribute" VALUES('354f1eb1-13a0-4bc4-8fdf-0faad10e2b81','eb5c32a1-85ec-49d1-8bca-ecca779cd539','QueueName','queuename',30,200,'',FALSE)
INSERT INTO "mendixsystem$attribute" VALUES('8e8e6dfa-87a2-413a-89c1-a2b23037b792','eb5c32a1-85ec-49d1-8bca-ecca779cd539','ContextType','contexttype',40,14,'',FALSE)
INSERT INTO "mendixsystem$attribute" VALUES('7cbcf835-1193-4d91-84f5-40bde9ddb9e4','eb5c32a1-85ec-49d1-8bca-ecca779cd539','ContextData','contextdata',30,0,'',FALSE)
INSERT INTO "mendixsystem$attribute" VALUES('2fc91d80-70d3-4868-9332-142b1f447888','eb5c32a1-85ec-49d1-8bca-ecca779cd539','MicroflowName','microflowname',30,200,'',FALSE)
INSERT INTO "mendixsystem$attribute" VALUES('c891eb17-76d6-4600-a96f-b02ef10aa921','eb5c32a1-85ec-49d1-8bca-ecca779cd539','UserActionName','useractionname',30,200,'',FALSE)
INSERT INTO "mendixsystem$attribute" VALUES('e6f7a526-84ed-4f4e-8d32-d49d79dd5174','eb5c32a1-85ec-49d1-8bca-ecca779cd539','Arguments','arguments',30,0,'',FALSE)
INSERT INTO "mendixsystem$attribute" VALUES('e7792091-da19-4946-a07d-b11f857c4d1d','eb5c32a1-85ec-49d1-8bca-ecca779cd539','XASId','xasid',30,50,'',FALSE)
INSERT INTO "mendixsystem$attribute" VALUES('09951e9a-b362-499d-bf7c-68300a314110','eb5c32a1-85ec-49d1-8bca-ecca779cd539','ThreadId','threadid',4,0,'',FALSE)
INSERT INTO "mendixsystem$attribute" VALUES('6c24f3a3-6473-4a2b-8a93-fca27764f394','eb5c32a1-85ec-49d1-8bca-ecca779cd539','Created','created',20,0,'',FALSE)
INSERT INTO "mendixsystem$attribute" VALUES('2b58adc9-b35a-4803-912d-e376a3ad89c9','eb5c32a1-85ec-49d1-8bca-ecca779cd539','StartAt','startat',20,0,'',FALSE)
INSERT INTO "mendixsystem$attribute" VALUES('3023edea-95d3-4a8b-84e3-32a749729400','eb5c32a1-85ec-49d1-8bca-ecca779cd539','Started','started',20,0,'',FALSE)
INSERT INTO "mendixsystem$attribute" VALUES('f4f115ad-2bb9-4452-9bfb-f666afdebbb4','eb5c32a1-85ec-49d1-8bca-ecca779cd539','Finished','finished',20,0,'',FALSE)
INSERT INTO "mendixsystem$attribute" VALUES('6dab51ec-3ecc-43ac-a8d1-ba6815ad0fd7','eb5c32a1-85ec-49d1-8bca-ecca779cd539','Duration','duration',4,0,'',FALSE)
INSERT INTO "mendixsystem$attribute" VALUES('7627493b-b7d4-4afa-99e7-5957889ed081','eb5c32a1-85ec-49d1-8bca-ecca779cd539','Retried','retried',4,0,'',FALSE)
INSERT INTO "mendixsystem$attribute" VALUES('73d41075-6c63-4c64-92e3-ce264ddabe59','eb5c32a1-85ec-49d1-8bca-ecca779cd539','ErrorMessage','errormessage',30,0,'',FALSE)
INSERT INTO "mendixsystem$attribute" VALUES('526fe440-6d73-4c41-8f72-e5b5b4f2641e','eb5c32a1-85ec-49d1-8bca-ecca779cd539','ScheduledEventName','scheduledeventname',30,200,'',FALSE)
INSERT INTO "mendixsystem$index" VALUES('a28ff41f-1610-3353-9957-9e8d776b805e','eb5c32a1-85ec-49d1-8bca-ecca779cd539','idx_system$processedqueuetask_system$owner')
INSERT INTO "mendixsystem$index_column" VALUES('a28ff41f-1610-3353-9957-9e8d776b805e','2a2739dd-9160-3616-8999-a7a147bf4cda',FALSE,0)
INSERT INTO "mendixsystem$association" VALUES('2a2739dd-9160-3616-8999-a7a147bf4cda','System.owner','system$processedqueuetask','eb5c32a1-85ec-49d1-8bca-ecca779cd539','282e2e60-88a5-469d-84a5-ba8d9151644f','id','system$owner',NULL,NULL,NULL,'frn_system$processedqueuetask_system$owner',NULL,2,1)
COMMIT
CREATE TABLE "system$user" (\u000d\u000a\u0009"id" BIGINT NOT NULL,\u000d\u000a\u0009"name" VARCHAR_IGNORECASE(100) NULL,\u000d\u000a\u0009"password" VARCHAR_IGNORECASE(200) NULL,\u000d\u000a\u0009"lastlogin" TIMESTAMP NULL,\u000d\u000a\u0009"blocked" BOOLEAN NULL,\u000d\u000a\u0009"blockedsince" TIMESTAMP NULL,\u000d\u000a\u0009"active" BOOLEAN NULL,\u000d\u000a\u0009"failedlogins" INT NULL,\u000d\u000a\u0009"webserviceuser" BOOLEAN NULL,\u000d\u000a\u0009"isanonymous" BOOLEAN NULL,\u000d\u000a\u0009"createddate" TIMESTAMP NULL,\u000d\u000a\u0009"changeddate" TIMESTAMP NULL,\u000d\u000a\u0009"submetaobjectname" VARCHAR_IGNORECASE(255) NULL,\u000d\u000a\u0009"system$changedby" BIGINT NULL,\u000d\u000a\u0009"system$owner" BIGINT NULL,\u000d\u000a\u0009PRIMARY KEY("id"),\u000d\u000a\u0009CONSTRAINT "uniq_system$user_name" UNIQUE ("name"))
CREATE INDEX "idx_system$user_name_asc" ON "system$user" ("name" ASC,"id" ASC)
CREATE INDEX "idx_system$user_submetaobjectname_asc" ON "system$user" ("submetaobjectname" ASC,"id" ASC)
CREATE INDEX "idx_system$user_system$changedby" ON "system$user" ("system$changedby" ASC,"id" ASC)
CREATE INDEX "idx_system$user_system$owner" ON "system$user" ("system$owner" ASC,"id" ASC)
INSERT INTO "mendixsystem$entity" VALUES('282e2e60-88a5-469d-84a5-ba8d9151644f','System.User','system$user',NULL,FALSE,FALSE)
INSERT INTO "mendixsystem$attribute" VALUES('69acb4a2-be26-4cc5-902a-a8591d357510','282e2e60-88a5-469d-84a5-ba8d9151644f','Name','name',30,100,'',FALSE)
INSERT INTO "mendixsystem$attribute" VALUES('ef366bc1-ac94-4fd6-bafd-7cee2be459e6','282e2e60-88a5-469d-84a5-ba8d9151644f','Password','password',30,200,'',FALSE)
INSERT INTO "mendixsystem$attribute" VALUES('040db5be-7810-48b3-a569-516191e8803d','282e2e60-88a5-469d-84a5-ba8d9151644f','LastLogin','lastlogin',20,0,'',FALSE)
INSERT INTO "mendixsystem$attribute" VALUES('d149bcc3-5e80-46da-ac3f-ee734a64cce1','282e2e60-88a5-469d-84a5-ba8d9151644f','Blocked','blocked',10,0,'false',FALSE)
INSERT INTO "mendixsystem$attribute" VALUES('5b1e816f-0495-4baa-9d21-f1e779923898','282e2e60-88a5-469d-84a5-ba8d9151644f','BlockedSince','blockedsince',20,0,'',FALSE)
INSERT INTO "mendixsystem$attribute" VALUES('b22d0982-fbee-43a7-8d20-c200d319a3e5','282e2e60-88a5-469d-84a5-ba8d9151644f','Active','active',10,0,'true',FALSE)
INSERT INTO "mendixsystem$attribute" VALUES('84845531-dbd9-4e00-8afb-c2adc08699bb','282e2e60-88a5-469d-84a5-ba8d9151644f','FailedLogins','failedlogins',3,0,'0',FALSE)
INSERT INTO "mendixsystem$attribute" VALUES('15e3e13d-2df6-4d8a-a1cc-58eea4cec602','282e2e60-88a5-469d-84a5-ba8d9151644f','WebServiceUser','webserviceuser',10,0,'false',FALSE)
INSERT INTO "mendixsystem$attribute" VALUES('28d526e0-915b-466f-80c8-56af32ece225','282e2e60-88a5-469d-84a5-ba8d9151644f','IsAnonymous','isanonymous',10,0,'false',FALSE)
INSERT INTO "mendixsystem$attribute" VALUES('9c09d4eb-9c9c-303e-951e-8c3ea32db37a','282e2e60-88a5-469d-84a5-ba8d9151644f','createdDate','createddate',20,0,'',FALSE)
INSERT INTO "mendixsystem$attribute" VALUES('e9446b4c-b0f6-3f04-8b0a-264d2384b449','282e2e60-88a5-469d-84a5-ba8d9151644f','changedDate','changeddate',20,0,'',FALSE)
INSERT INTO "mendixsystem$attribute" VALUES('c2dd7e10-28b4-304c-9ddf-104be6be9cde','282e2e60-88a5-469d-84a5-ba8d9151644f','submetaobjectname','submetaobjectname',30,255,'System.User',FALSE)
INSERT INTO "mendixsystem$index" VALUES('5711e9d5-7b67-4579-b730-2ed0b852b799','282e2e60-88a5-469d-84a5-ba8d9151644f','idx_system$user_name_asc')
INSERT INTO "mendixsystem$index_column" VALUES('5711e9d5-7b67-4579-b730-2ed0b852b799','69acb4a2-be26-4cc5-902a-a8591d357510',FALSE,0)
INSERT INTO "mendixsystem$index" VALUES('d45d41fb-40ec-3b91-becf-455eb7f35bff','282e2e60-88a5-469d-84a5-ba8d9151644f','idx_system$user_submetaobjectname_asc')
INSERT INTO "mendixsystem$index_column" VALUES('d45d41fb-40ec-3b91-becf-455eb7f35bff','c2dd7e10-28b4-304c-9ddf-104be6be9cde',FALSE,0)
INSERT INTO "mendixsystem$index" VALUES('291e0cde-0e23-351e-8001-6240437d1e0e','282e2e60-88a5-469d-84a5-ba8d9151644f','idx_system$user_system$changedby')
INSERT INTO "mendixsystem$index_column" VALUES('291e0cde-0e23-351e-8001-6240437d1e0e','6013226d-aeae-3cd2-acec-d95d8bd5c3ad',FALSE,0)
INSERT INTO "mendixsystem$index" VALUES('3515901d-e8f5-3173-87bb-11ae532c243e','282e2e60-88a5-469d-84a5-ba8d9151644f','idx_system$user_system$owner')
INSERT INTO "mendixsystem$index_column" VALUES('3515901d-e8f5-3173-87bb-11ae532c243e','07738295-23fe-3fc1-832b-ed18b22727f0',FALSE,0)
INSERT INTO "mendixsystem$unique_constraint" VALUES('uniq_system$user_name','282e2e60-88a5-469d-84a5-ba8d9151644f','69acb4a2-be26-4cc5-902a-a8591d357510')
INSERT INTO "mendixsystem$association" VALUES('6013226d-aeae-3cd2-acec-d95d8bd5c3ad','System.changedBy','system$user','282e2e60-88a5-469d-84a5-ba8d9151644f','282e2e60-88a5-469d-84a5-ba8d9151644f','id','system$changedby',NULL,NULL,NULL,'frn_system$user_system$changedby',NULL,2,1)
INSERT INTO "mendixsystem$association" VALUES('07738295-23fe-3fc1-832b-ed18b22727f0','System.owner','system$user','282e2e60-88a5-469d-84a5-ba8d9151644f','282e2e60-88a5-469d-84a5-ba8d9151644f','id','system$owner',NULL,NULL,NULL,'frn_system$user_system$owner',NULL,2,1)
COMMIT
CREATE TABLE "prodaja$cena" (\u000d\u000a\u0009"id" BIGINT NOT NULL,\u000d\u000a\u0009"iznos" DECIMAL(28, 8) NULL,\u000d\u000a\u0009"prodaja$cena_cenovnik" BIGINT NULL,\u000d\u000a\u0009"prodaja$cena_robailiusluga" BIGINT NULL,\u000d\u000a\u0009PRIMARY KEY("id"))
CREATE INDEX "idx_prodaja$cena_prodaja$cena_cenovnik" ON "prodaja$cena" ("prodaja$cena_cenovnik" ASC,"id" ASC)
CREATE INDEX "idx_prodaja$cena_prodaja$cena_robailiusluga" ON "prodaja$cena" ("prodaja$cena_robailiusluga" ASC,"id" ASC)
INSERT INTO "mendixsystem$entity" VALUES('774949f4-b629-4d3d-ae5c-7fe0968dd9b5','Prodaja.Cena','prodaja$cena',NULL,FALSE,FALSE)
INSERT INTO "mendixsystem$attribute" VALUES('38e2821e-f299-4975-a19f-26b02705ec92','774949f4-b629-4d3d-ae5c-7fe0968dd9b5','iznos','iznos',5,0,'0',FALSE)
INSERT INTO "mendixsystem$index" VALUES('a5f30074-b4b1-3431-a778-331b63757c67','774949f4-b629-4d3d-ae5c-7fe0968dd9b5','idx_prodaja$cena_prodaja$cena_cenovnik')
INSERT INTO "mendixsystem$index_column" VALUES('a5f30074-b4b1-3431-a778-331b63757c67','20758319-c92c-495c-8aa5-1834183d212a',FALSE,0)
INSERT INTO "mendixsystem$index" VALUES('c7592d31-b25a-3da0-b3d4-e23fdb771819','774949f4-b629-4d3d-ae5c-7fe0968dd9b5','idx_prodaja$cena_prodaja$cena_robailiusluga')
INSERT INTO "mendixsystem$index_column" VALUES('c7592d31-b25a-3da0-b3d4-e23fdb771819','be1d51ad-e72e-42f8-9b1f-4ecdfa88b050',FALSE,0)
INSERT INTO "mendixsystem$association" VALUES('20758319-c92c-495c-8aa5-1834183d212a','Prodaja.Cena_Cenovnik','prodaja$cena','774949f4-b629-4d3d-ae5c-7fe0968dd9b5','6ce831ac-593f-4d38-b933-f9c48c85b8f1','id','prodaja$cena_cenovnik',NULL,NULL,NULL,'frn_prodaja$cena_prodaja$cena_cenovnik',NULL,2,1)
INSERT INTO "mendixsystem$association" VALUES('be1d51ad-e72e-42f8-9b1f-4ecdfa88b050','Prodaja.Cena_RobaIliUsluga','prodaja$cena','774949f4-b629-4d3d-ae5c-7fe0968dd9b5','ec0f07a2-68c8-4eed-8c4e-5b2a316152f5','id','prodaja$cena_robailiusluga',NULL,NULL,NULL,'frn_prodaja$cena_prodaja$cena_robailiusluga',NULL,2,1)
COMMIT
CREATE TABLE "system$xasinstance" (\u000d\u000a\u0009"id" BIGINT NOT NULL,\u000d\u000a\u0009"xasid" VARCHAR_IGNORECASE(50) NULL,\u000d\u000a\u0009"lastupdate" TIMESTAMP NULL,\u000d\u000a\u0009"allowednumberofconcurrentusers" INT NULL,\u000d\u000a\u0009"partnername" VARCHAR_IGNORECASE(200) NULL,\u000d\u000a\u0009"customername" VARCHAR_IGNORECASE(200) NULL,\u000d\u000a\u0009"createddate" TIMESTAMP NULL,\u000d\u000a\u0009PRIMARY KEY("id"))
INSERT INTO "mendixsystem$entity" VALUES('d4154981-8dac-4150-aec5-efa3ef62a7a2','System.XASInstance','system$xasinstance',NULL,FALSE,FALSE)
INSERT INTO "mendixsystem$attribute" VALUES('91b58eb9-c16c-4e33-b66b-28489e7fb783','d4154981-8dac-4150-aec5-efa3ef62a7a2','XASId','xasid',30,50,'',FALSE)
INSERT INTO "mendixsystem$attribute" VALUES('0c4060ab-4901-419c-a184-81f20fa0460e','d4154981-8dac-4150-aec5-efa3ef62a7a2','LastUpdate','lastupdate',20,0,'',FALSE)
INSERT INTO "mendixsystem$attribute" VALUES('2dbe88f5-2b15-4ec3-b295-2e2b496a1ebd','d4154981-8dac-4150-aec5-efa3ef62a7a2','AllowedNumberOfConcurrentUsers','allowednumberofconcurrentusers',3,0,'',FALSE)
INSERT INTO "mendixsystem$attribute" VALUES('4359850e-675d-49db-a25c-d78ee530dc33','d4154981-8dac-4150-aec5-efa3ef62a7a2','PartnerName','partnername',30,200,'',FALSE)
INSERT INTO "mendixsystem$attribute" VALUES('7ca1bcd3-9355-472f-9e3f-4440366297d6','d4154981-8dac-4150-aec5-efa3ef62a7a2','CustomerName','customername',30,200,'',FALSE)
INSERT INTO "mendixsystem$attribute" VALUES('65b02632-d981-3a1c-8ec5-2a36fe6fd7d8','d4154981-8dac-4150-aec5-efa3ef62a7a2','createdDate','createddate',20,0,'',FALSE)
COMMIT
CREATE TABLE "system$workflowusertask" (\u000d\u000a\u0009"id" BIGINT NOT NULL,\u000d\u000a\u0009"name" VARCHAR_IGNORECASE(2147483647) NULL,\u000d\u000a\u0009"description" VARCHAR_IGNORECASE(2147483647) NULL,\u000d\u000a\u0009"starttime" TIMESTAMP NULL,\u000d\u000a\u0009"duedate" TIMESTAMP NULL,\u000d\u000a\u0009"endtime" TIMESTAMP NULL,\u000d\u000a\u0009"outcome" VARCHAR_IGNORECASE(200) NULL,\u000d\u000a\u0009"state" VARCHAR_IGNORECASE(10) NULL,\u000d\u000a\u0009"completiontype" VARCHAR_IGNORECASE(9) NULL,\u000d\u000a\u0009"processingstate" VARCHAR_IGNORECASE(30) NULL,\u000d\u000a\u0009"error" VARCHAR_IGNORECASE(2147483647) NULL,\u000d\u000a\u0009PRIMARY KEY("id"))
INSERT INTO "mendixsystem$entity" VALUES('3729d27c-735b-457a-b210-9dffb125c3f3','System.WorkflowUserTask','system$workflowusertask',NULL,FALSE,FALSE)
INSERT INTO "mendixsystem$attribute" VALUES('122c4e1e-edda-4311-85b7-2a715626b869','3729d27c-735b-457a-b210-9dffb125c3f3','Name','name',30,0,'',FALSE)
INSERT INTO "mendixsystem$attribute" VALUES('544b4b9a-c5ac-4785-8efb-647a51648024','3729d27c-735b-457a-b210-9dffb125c3f3','Description','description',30,0,'',FALSE)
INSERT INTO "mendixsystem$attribute" VALUES('beeda34a-8cd1-4bbe-abd3-b18a3a0ea0ef','3729d27c-735b-457a-b210-9dffb125c3f3','StartTime','starttime',20,0,'',FALSE)
INSERT INTO "mendixsystem$attribute" VALUES('17ae7bb0-2dea-4860-9c7b-f236aaf5a790','3729d27c-735b-457a-b210-9dffb125c3f3','DueDate','duedate',20,0,'',FALSE)
INSERT INTO "mendixsystem$attribute" VALUES('49503f62-1887-4823-bf94-db88a332f316','3729d27c-735b-457a-b210-9dffb125c3f3','EndTime','endtime',20,0,'',FALSE)
INSERT INTO "mendixsystem$attribute" VALUES('047e7010-cbc4-4bba-bf64-774fa656d010','3729d27c-735b-457a-b210-9dffb125c3f3','Outcome','outcome',30,200,'',FALSE)
INSERT INTO "mendixsystem$attribute" VALUES('f87a5a98-730e-4c57-b6c4-ae09cd057e65','3729d27c-735b-457a-b210-9dffb125c3f3','State','state',40,10,'Created',FALSE)
INSERT INTO "mendixsystem$attribute" VALUES('7d72fc37-c5cd-425d-82d2-0b8559b28314','3729d27c-735b-457a-b210-9dffb125c3f3','CompletionType','completiontype',40,9,'Single',FALSE)
INSERT INTO "mendixsystem$attribute" VALUES('99f67785-67f1-40e0-91dc-6cdec5e2b3e5','3729d27c-735b-457a-b210-9dffb125c3f3','ProcessingState','processingstate',30,30,'Ready',FALSE)
INSERT INTO "mendixsystem$attribute" VALUES('90233d09-6c96-487e-a89e-a31f29b81bd1','3729d27c-735b-457a-b210-9dffb125c3f3','Error','error',30,0,'',FALSE)
COMMIT
CREATE TABLE "myfirstmodule$prometnidokument" (\u000d\u000a\u0009"id" BIGINT NOT NULL,\u000d\u000a\u0009"broj" INT NULL,\u000d\u000a\u0009"datumdokumenta" TIMESTAMP NULL,\u000d\u000a\u0009"datumknjizenja" TIMESTAMP NULL,\u000d\u000a\u0009"status" VARCHAR_IGNORECASE(15) NULL,\u000d\u000a\u0009"vrstadokumenta" VARCHAR_IGNORECASE(21) NULL,\u000d\u000a\u0009"myfirstmodule$prometnidokument_magacin_2" BIGINT NULL,\u000d\u000a\u0009"myfirstmodule$prometnidokument_poslovnipartner" BIGINT NULL,\u000d\u000a\u0009"myfirstmodule$prometnidokument_magacin" BIGINT NULL,\u000d\u000a\u0009"myfirstmodule$prometnidokument_poslovnagodina" BIGINT NULL,\u000d\u000a\u0009PRIMARY KEY("id"))
CREATE INDEX "idx_myfirstmodule$prometnidokument_myfirstmodule$prometnidokument_magacin_2" ON "myfirstmodule$prometnidokument" ("myfirstmodule$prometnidokument_magacin_2" ASC,"id" ASC)
CREATE INDEX "idx_myfirstmodule$prometnidokument_myfirstmodule$prometnidokument_poslovnipartner" ON "myfirstmodule$prometnidokument" ("myfirstmodule$prometnidokument_poslovnipartner" ASC,"id" ASC)
CREATE INDEX "idx_myfirstmodule$prometnidokument_myfirstmodule$prometnidokument_magacin" ON "myfirstmodule$prometnidokument" ("myfirstmodule$prometnidokument_magacin" ASC,"id" ASC)
CREATE INDEX "idx_myfirstmodule$prometnidokument_myfirstmodule$prometnidokument_poslovnagodina" ON "myfirstmodule$prometnidokument" ("myfirstmodule$prometnidokument_poslovnagodina" ASC,"id" ASC)
INSERT INTO "mendixsystem$entity" VALUES('d71efaf1-c220-4af2-ac4e-8cfef7390862','MyFirstModule.PrometniDokument','myfirstmodule$prometnidokument',NULL,FALSE,FALSE)
INSERT INTO "mendixsystem$attribute" VALUES('76c79cce-a465-4a7c-b349-b83ca8040311','d71efaf1-c220-4af2-ac4e-8cfef7390862','broj','broj',3,0,'0',FALSE)
INSERT INTO "mendixsystem$attribute" VALUES('e4ae82ad-026b-4b33-a76f-9a86bdf0a246','d71efaf1-c220-4af2-ac4e-8cfef7390862','datumDokumenta','datumdokumenta',20,0,'',FALSE)
INSERT INTO "mendixsystem$attribute" VALUES('d8dd9072-187b-48d4-8752-943917b38c01','d71efaf1-c220-4af2-ac4e-8cfef7390862','datumKnjizenja','datumknjizenja',20,0,'',FALSE)
INSERT INTO "mendixsystem$attribute" VALUES('c90b4d84-7192-4fe2-bcd6-af13d5d7750c','d71efaf1-c220-4af2-ac4e-8cfef7390862','status','status',40,15,'',FALSE)
INSERT INTO "mendixsystem$attribute" VALUES('f4f539af-7368-40d1-a909-eb2440b2e197','d71efaf1-c220-4af2-ac4e-8cfef7390862','vrstaDokumenta','vrstadokumenta',40,21,'',FALSE)
INSERT INTO "mendixsystem$index" VALUES('cbaf258a-930b-34ca-b11b-b49fb06c58c6','d71efaf1-c220-4af2-ac4e-8cfef7390862','idx_myfirstmodule$prometnidokument_myfirstmodule$prometnidokument_magacin_2')
INSERT INTO "mendixsystem$index_column" VALUES('cbaf258a-930b-34ca-b11b-b49fb06c58c6','e86a7e4b-0f1b-4818-977d-4bce0f6d4bbe',FALSE,0)
INSERT INTO "mendixsystem$index" VALUES('cd69d689-95b5-3a0d-869a-a1761b39adfb','d71efaf1-c220-4af2-ac4e-8cfef7390862','idx_myfirstmodule$prometnidokument_myfirstmodule$prometnidokument_poslovnipartner')
INSERT INTO "mendixsystem$index_column" VALUES('cd69d689-95b5-3a0d-869a-a1761b39adfb','4dec30bf-ca5b-419a-b2a7-8cd076c3b0f2',FALSE,0)
INSERT INTO "mendixsystem$index" VALUES('93423877-0f25-3473-a34a-214ec11635a5','d71efaf1-c220-4af2-ac4e-8cfef7390862','idx_myfirstmodule$prometnidokument_myfirstmodule$prometnidokument_magacin')
INSERT INTO "mendixsystem$index_column" VALUES('93423877-0f25-3473-a34a-214ec11635a5','e626cba7-1915-4ebf-8fb9-40e8e0a02bd8',FALSE,0)
INSERT INTO "mendixsystem$index" VALUES('865d600e-ff5d-38d2-8a2c-993fbc643bab','d71efaf1-c220-4af2-ac4e-8cfef7390862','idx_myfirstmodule$prometnidokument_myfirstmodule$prometnidokument_poslovnagodina')
INSERT INTO "mendixsystem$index_column" VALUES('865d600e-ff5d-38d2-8a2c-993fbc643bab','2334376e-029e-4695-a83e-f05313c70caf',FALSE,0)
INSERT INTO "mendixsystem$association" VALUES('e86a7e4b-0f1b-4818-977d-4bce0f6d4bbe','MyFirstModule.PrometniDokument_Magacin_2','myfirstmodule$prometnidokument','d71efaf1-c220-4af2-ac4e-8cfef7390862','f8bdacae-115a-482d-8d08-47574f9272c0','id','myfirstmodule$prometnidokument_magacin_2',NULL,NULL,NULL,'frn_myfirstmodule$prometnidokument_myfirstmodule$prometnidokument_magacin_2',NULL,2,1)
INSERT INTO "mendixsystem$association" VALUES('4dec30bf-ca5b-419a-b2a7-8cd076c3b0f2','MyFirstModule.PrometniDokument_PoslovniPartner','myfirstmodule$prometnidokument','d71efaf1-c220-4af2-ac4e-8cfef7390862','810e9e9b-6158-4c57-9d2a-b26e8a573215','id','myfirstmodule$prometnidokument_poslovnipartner',NULL,NULL,NULL,'frn_myfirstmodule$prometnidokument_myfirstmodule$prometnidokument_poslovnipartner',NULL,2,1)
INSERT INTO "mendixsystem$association" VALUES('e626cba7-1915-4ebf-8fb9-40e8e0a02bd8','MyFirstModule.PrometniDokument_Magacin','myfirstmodule$prometnidokument','d71efaf1-c220-4af2-ac4e-8cfef7390862','f8bdacae-115a-482d-8d08-47574f9272c0','id','myfirstmodule$prometnidokument_magacin',NULL,NULL,NULL,'frn_myfirstmodule$prometnidokument_myfirstmodule$prometnidokument_magacin',NULL,2,1)
INSERT INTO "mendixsystem$association" VALUES('2334376e-029e-4695-a83e-f05313c70caf','MyFirstModule.PrometniDokument_PoslovnaGodina','myfirstmodule$prometnidokument','d71efaf1-c220-4af2-ac4e-8cfef7390862','7a2371c6-62d4-404f-b08a-4e60cc8df1a8','id','myfirstmodule$prometnidokument_poslovnagodina',NULL,NULL,NULL,'frn_myfirstmodule$prometnidokument_myfirstmodule$prometnidokument_poslovnagodina',NULL,2,1)
COMMIT
CREATE TABLE "system$queuedtask" (\u000d\u000a\u0009"id" BIGINT NOT NULL,\u000d\u000a\u0009"sequence" BIGINT NULL,\u000d\u000a\u0009"status" VARCHAR_IGNORECASE(12) NULL,\u000d\u000a\u0009"queueid" VARCHAR_IGNORECASE(36) NULL,\u000d\u000a\u0009"queuename" VARCHAR_IGNORECASE(200) NULL,\u000d\u000a\u0009"contexttype" VARCHAR_IGNORECASE(14) NULL,\u000d\u000a\u0009"contextdata" VARCHAR_IGNORECASE(2147483647) NULL,\u000d\u000a\u0009"microflowname" VARCHAR_IGNORECASE(200) NULL,\u000d\u000a\u0009"useractionname" VARCHAR_IGNORECASE(200) NULL,\u000d\u000a\u0009"arguments" VARCHAR_IGNORECASE(2147483647) NULL,\u000d\u000a\u0009"xasid" VARCHAR_IGNORECASE(50) NULL,\u000d\u000a\u0009"threadid" BIGINT NULL,\u000d\u000a\u0009"created" TIMESTAMP NULL,\u000d\u000a\u0009"startat" TIMESTAMP NULL,\u000d\u000a\u0009"started" TIMESTAMP NULL,\u000d\u000a\u0009"retried" BIGINT NULL,\u000d\u000a\u0009"retry" VARCHAR_IGNORECASE(200) NULL,\u000d\u000a\u0009"scheduledeventname" VARCHAR_IGNORECASE(200) NULL,\u000d\u000a\u0009"system$owner" BIGINT NULL,\u000d\u000a\u0009PRIMARY KEY("id"))
CREATE SEQUENCE "system$queuedtask_sequence_mxseq" AS BIGINT START WITH 1
CREATE INDEX "idx_system$queuedtask_queueid_asc_sequence_asc" ON "system$queuedtask" ("queueid" ASC,"sequence" ASC,"id" ASC)
CREATE INDEX "idx_system$queuedtask_system$owner" ON "system$queuedtask" ("system$owner" ASC,"id" ASC)
INSERT INTO "mendixsystem$entity" VALUES('c6c131c8-8779-4213-9b26-a64e141f26a8','System.QueuedTask','system$queuedtask',NULL,FALSE,FALSE)
INSERT INTO "mendixsystem$attribute" VALUES('d26c3f20-7dc5-4a65-bbf6-c84ec5b5fe9f','c6c131c8-8779-4213-9b26-a64e141f26a8','Sequence','sequence',0,0,'1',TRUE)
INSERT INTO "mendixsystem$sequence" VALUES('system$queuedtask_sequence_mxseq','d26c3f20-7dc5-4a65-bbf6-c84ec5b5fe9f',1,0)
INSERT INTO "mendixsystem$attribute" VALUES('2223cc2b-6f68-4964-90c4-46ceed8c2f62','c6c131c8-8779-4213-9b26-a64e141f26a8','Status','status',40,12,'Idle',FALSE)
INSERT INTO "mendixsystem$attribute" VALUES('77f66f6e-3794-4338-8a7d-eb4538dcd6db','c6c131c8-8779-4213-9b26-a64e141f26a8','QueueId','queueid',30,36,'',FALSE)
INSERT INTO "mendixsystem$attribute" VALUES('3898cc5e-0a5c-402a-8f4b-ffa2271fe5b5','c6c131c8-8779-4213-9b26-a64e141f26a8','QueueName','queuename',30,200,'',FALSE)
INSERT INTO "mendixsystem$attribute" VALUES('d6288735-aea7-416a-91d2-1735aa7c0ea3','c6c131c8-8779-4213-9b26-a64e141f26a8','ContextType','contexttype',40,14,'',FALSE)
INSERT INTO "mendixsystem$attribute" VALUES('6534293a-7a10-451c-8b3d-a689d3a281f3','c6c131c8-8779-4213-9b26-a64e141f26a8','ContextData','contextdata',30,0,'',FALSE)
INSERT INTO "mendixsystem$attribute" VALUES('8b835017-7d42-401f-8271-02c232066d49','c6c131c8-8779-4213-9b26-a64e141f26a8','MicroflowName','microflowname',30,200,'',FALSE)
INSERT INTO "mendixsystem$attribute" VALUES('b38b8b74-2e97-47aa-96c6-3a14ecef522c','c6c131c8-8779-4213-9b26-a64e141f26a8','UserActionName','useractionname',30,200,'',FALSE)
INSERT INTO "mendixsystem$attribute" VALUES('b47c6adc-1d13-4f3b-8172-0ace129df25f','c6c131c8-8779-4213-9b26-a64e141f26a8','Arguments','arguments',30,0,'',FALSE)
INSERT INTO "mendixsystem$attribute" VALUES('0918f273-80a5-42d6-ae35-a7a50ab61210','c6c131c8-8779-4213-9b26-a64e141f26a8','XASId','xasid',30,50,'',FALSE)
INSERT INTO "mendixsystem$attribute" VALUES('df70e053-7126-4c45-a76b-22c2814babf8','c6c131c8-8779-4213-9b26-a64e141f26a8','ThreadId','threadid',4,0,'',FALSE)
INSERT INTO "mendixsystem$attribute" VALUES('94e618c6-5158-44c1-baf6-ef6af8a76b6d','c6c131c8-8779-4213-9b26-a64e141f26a8','Created','created',20,0,'',FALSE)
INSERT INTO "mendixsystem$attribute" VALUES('9b8a26f0-39d8-4419-b064-c58a60be8578','c6c131c8-8779-4213-9b26-a64e141f26a8','StartAt','startat',20,0,'',FALSE)
INSERT INTO "mendixsystem$attribute" VALUES('3aadbd20-595c-4fdf-84e1-2b65639f8d4b','c6c131c8-8779-4213-9b26-a64e141f26a8','Started','started',20,0,'',FALSE)
INSERT INTO "mendixsystem$attribute" VALUES('6bd4228f-341d-45b4-a411-765b024ccdfa','c6c131c8-8779-4213-9b26-a64e141f26a8','Retried','retried',4,0,'0',FALSE)
INSERT INTO "mendixsystem$attribute" VALUES('a5c75f55-38b4-4061-a674-5cca84850223','c6c131c8-8779-4213-9b26-a64e141f26a8','Retry','retry',30,200,'',FALSE)
INSERT INTO "mendixsystem$attribute" VALUES('1cb5f39d-db9c-4f70-ac6a-ee3c5f5a1dcf','c6c131c8-8779-4213-9b26-a64e141f26a8','ScheduledEventName','scheduledeventname',30,200,'',FALSE)
INSERT INTO "mendixsystem$index" VALUES('0eb7513a-a55e-4145-922a-1856104655f7','c6c131c8-8779-4213-9b26-a64e141f26a8','idx_system$queuedtask_queueid_asc_sequence_asc')
INSERT INTO "mendixsystem$index_column" VALUES('0eb7513a-a55e-4145-922a-1856104655f7','77f66f6e-3794-4338-8a7d-eb4538dcd6db',FALSE,0)
INSERT INTO "mendixsystem$index_column" VALUES('0eb7513a-a55e-4145-922a-1856104655f7','d26c3f20-7dc5-4a65-bbf6-c84ec5b5fe9f',FALSE,1)
INSERT INTO "mendixsystem$index" VALUES('8de203bb-c0c1-349b-8aef-037cdb0cd348','c6c131c8-8779-4213-9b26-a64e141f26a8','idx_system$queuedtask_system$owner')
INSERT INTO "mendixsystem$index_column" VALUES('8de203bb-c0c1-349b-8aef-037cdb0cd348','f6de554a-f765-3d80-aa59-2b3da4167137',FALSE,0)
INSERT INTO "mendixsystem$association" VALUES('f6de554a-f765-3d80-aa59-2b3da4167137','System.owner','system$queuedtask','c6c131c8-8779-4213-9b26-a64e141f26a8','282e2e60-88a5-469d-84a5-ba8d9151644f','id','system$owner',NULL,NULL,NULL,'frn_system$queuedtask_system$owner',NULL,2,1)
COMMIT
CREATE TABLE "system$offlinesynchronizationhistory" (\u000d\u000a\u0009"id" BIGINT NOT NULL,\u000d\u000a\u0009"syncid" VARCHAR_IGNORECASE(200) NULL,\u000d\u000a\u0009"createddate" TIMESTAMP NULL,\u000d\u000a\u0009PRIMARY KEY("id"),\u000d\u000a\u0009CONSTRAINT "uniq_system$offlinesynchronizationhistory_syncid" UNIQUE ("syncid"))
CREATE INDEX "idx_system$offlinesynchronizationhistory_syncid_asc" ON "system$offlinesynchronizationhistory" ("syncid" ASC,"id" ASC)
INSERT INTO "mendixsystem$entity" VALUES('137064d4-4cf1-4a0b-92a5-a11b66360ff9','System.OfflineSynchronizationHistory','system$offlinesynchronizationhistory',NULL,FALSE,FALSE)
INSERT INTO "mendixsystem$attribute" VALUES('a91934fd-65f2-404e-bff8-7b370c20d687','137064d4-4cf1-4a0b-92a5-a11b66360ff9','SyncId','syncid',30,200,'',FALSE)
INSERT INTO "mendixsystem$attribute" VALUES('fa5f48d5-d89f-3022-bdab-059cfc5b12ec','137064d4-4cf1-4a0b-92a5-a11b66360ff9','createdDate','createddate',20,0,'',FALSE)
INSERT INTO "mendixsystem$index" VALUES('7a35f5fa-69a5-42e6-842d-c5bf65735a0f','137064d4-4cf1-4a0b-92a5-a11b66360ff9','idx_system$offlinesynchronizationhistory_syncid_asc')
INSERT INTO "mendixsystem$index_column" VALUES('7a35f5fa-69a5-42e6-842d-c5bf65735a0f','a91934fd-65f2-404e-bff8-7b370c20d687',FALSE,0)
INSERT INTO "mendixsystem$unique_constraint" VALUES('uniq_system$offlinesynchronizationhistory_syncid','137064d4-4cf1-4a0b-92a5-a11b66360ff9','a91934fd-65f2-404e-bff8-7b370c20d687')
COMMIT
CREATE TABLE "system$userrole" (\u000d\u000a\u0009"id" BIGINT NOT NULL,\u000d\u000a\u0009"modelguid" VARCHAR_IGNORECASE(36) NULL,\u000d\u000a\u0009"name" VARCHAR_IGNORECASE(100) NULL,\u000d\u000a\u0009"description" VARCHAR_IGNORECASE(1000) NULL,\u000d\u000a\u0009PRIMARY KEY("id"))
CREATE INDEX "idx_system$userrole_name_asc" ON "system$userrole" ("name" ASC,"id" ASC)
INSERT INTO "mendixsystem$entity" VALUES('92ef30a6-de04-423c-84fd-a21e9b9eeae2','System.UserRole','system$userrole',NULL,FALSE,FALSE)
INSERT INTO "mendixsystem$attribute" VALUES('3cb7dc95-eac8-4999-8af4-492a4f2c0d73','92ef30a6-de04-423c-84fd-a21e9b9eeae2','ModelGUID','modelguid',30,36,'',FALSE)
INSERT INTO "mendixsystem$attribute" VALUES('3a3aca86-2f34-4038-a62f-7c0654ce21b7','92ef30a6-de04-423c-84fd-a21e9b9eeae2','Name','name',30,100,'',FALSE)
INSERT INTO "mendixsystem$attribute" VALUES('a33fbc53-ecf5-46c5-bad2-a364686e19dc','92ef30a6-de04-423c-84fd-a21e9b9eeae2','Description','description',30,1000,'',FALSE)
INSERT INTO "mendixsystem$index" VALUES('a46808f5-f89a-41eb-81e2-217968eac118','92ef30a6-de04-423c-84fd-a21e9b9eeae2','idx_system$userrole_name_asc')
INSERT INTO "mendixsystem$index_column" VALUES('a46808f5-f89a-41eb-81e2-217968eac118','3a3aca86-2f34-4038-a62f-7c0654ce21b7',FALSE,0)
COMMIT
CREATE TABLE "system$timezone" (\u000d\u000a\u0009"id" BIGINT NOT NULL,\u000d\u000a\u0009"code" VARCHAR_IGNORECASE(50) NULL,\u000d\u000a\u0009"description" VARCHAR_IGNORECASE(100) NULL,\u000d\u000a\u0009"rawoffset" INT NULL,\u000d\u000a\u0009PRIMARY KEY("id"))
INSERT INTO "mendixsystem$entity" VALUES('7f7c72af-1ab7-4bf9-bed6-16db5c8fcf6f','System.TimeZone','system$timezone',NULL,FALSE,FALSE)
INSERT INTO "mendixsystem$attribute" VALUES('6abafab4-6a96-46c0-9475-b72cc4d3ffd6','7f7c72af-1ab7-4bf9-bed6-16db5c8fcf6f','Code','code',30,50,'',FALSE)
INSERT INTO "mendixsystem$attribute" VALUES('954c43f0-3333-4264-813b-e8f1c8f2f0b6','7f7c72af-1ab7-4bf9-bed6-16db5c8fcf6f','Description','description',30,100,'',FALSE)
INSERT INTO "mendixsystem$attribute" VALUES('1060f919-60c9-4f90-91ee-81b4bf584bcd','7f7c72af-1ab7-4bf9-bed6-16db5c8fcf6f','RawOffset','rawoffset',3,0,'',FALSE)
COMMIT
CREATE TABLE "system$taskqueuetoken" (\u000d\u000a\u0009"id" BIGINT NOT NULL,\u000d\u000a\u0009"queuename" VARCHAR_IGNORECASE(200) NULL,\u000d\u000a\u0009"xasid" VARCHAR_IGNORECASE(50) NULL,\u000d\u000a\u0009"validuntil" TIMESTAMP NULL,\u000d\u000a\u0009PRIMARY KEY("id"))
INSERT INTO "mendixsystem$entity" VALUES('bb60ef05-6d17-48ad-a4ef-559310c30c5b','System.TaskQueueToken','system$taskqueuetoken',NULL,FALSE,FALSE)
INSERT INTO "mendixsystem$attribute" VALUES('f1c72f88-9feb-409f-b592-385be28eed47','bb60ef05-6d17-48ad-a4ef-559310c30c5b','QueueName','queuename',30,200,'',FALSE)
INSERT INTO "mendixsystem$attribute" VALUES('46add4ce-cd71-4db0-8fc7-0d1ab16954fa','bb60ef05-6d17-48ad-a4ef-559310c30c5b','XASId','xasid',30,50,'',FALSE)
INSERT INTO "mendixsystem$attribute" VALUES('c05017ba-1faa-4f63-9d4c-06918a947700','bb60ef05-6d17-48ad-a4ef-559310c30c5b','ValidUntil','validuntil',20,0,'',FALSE)
COMMIT
CREATE TABLE "system$image" (\u000d\u000a\u0009"id" BIGINT NOT NULL,\u000d\u000a\u0009"publicthumbnailpath" VARCHAR_IGNORECASE(500) NULL,\u000d\u000a\u0009"enablecaching" BOOLEAN NULL,\u000d\u000a\u0009"submetaobjectname" VARCHAR_IGNORECASE(255) NULL,\u000d\u000a\u0009PRIMARY KEY("id"))
CREATE INDEX "idx_system$image_submetaobjectname_asc" ON "system$image" ("submetaobjectname" ASC,"id" ASC)
INSERT INTO "mendixsystem$entity" VALUES('37827192-315d-4ab6-85b8-f626f866ea76','System.Image','system$image','170ce49d-f29c-4fac-99a6-b55e8a3aeb39',FALSE,FALSE)
INSERT INTO "mendixsystem$attribute" VALUES('41c141fa-700b-44de-870d-1aa971e11689','37827192-315d-4ab6-85b8-f626f866ea76','PublicThumbnailPath','publicthumbnailpath',30,500,'',FALSE)
INSERT INTO "mendixsystem$attribute" VALUES('0a5f1064-838e-4b91-a9c3-904428d203d2','37827192-315d-4ab6-85b8-f626f866ea76','EnableCaching','enablecaching',10,0,'true',FALSE)
INSERT INTO "mendixsystem$attribute" VALUES('272f49fe-6a64-3ede-a32d-344a34e57b9f','37827192-315d-4ab6-85b8-f626f866ea76','submetaobjectname','submetaobjectname',30,255,'System.Image',FALSE)
INSERT INTO "mendixsystem$index" VALUES('00a9ec1c-4fab-368f-83d4-ffa8ff501c8c','37827192-315d-4ab6-85b8-f626f866ea76','idx_system$image_submetaobjectname_asc')
INSERT INTO "mendixsystem$index_column" VALUES('00a9ec1c-4fab-368f-83d4-ffa8ff501c8c','272f49fe-6a64-3ede-a32d-344a34e57b9f',FALSE,0)
COMMIT
CREATE TABLE "myfirstmodule$jedinicamere" (\u000d\u000a\u0009"id" BIGINT NOT NULL,\u000d\u000a\u0009"nazivjedinice" VARCHAR_IGNORECASE(200) NULL,\u000d\u000a\u0009"skraceninaziv" VARCHAR_IGNORECASE(200) NULL,\u000d\u000a\u0009PRIMARY KEY("id"))
INSERT INTO "mendixsystem$entity" VALUES('422d59d2-0cb4-42e2-ac52-f463c15b4cad','MyFirstModule.JedinicaMere','myfirstmodule$jedinicamere',NULL,FALSE,FALSE)
INSERT INTO "mendixsystem$attribute" VALUES('c03caec0-7d61-4719-9691-e1ed6d91640c','422d59d2-0cb4-42e2-ac52-f463c15b4cad','nazivJedinice','nazivjedinice',30,200,'',FALSE)
INSERT INTO "mendixsystem$attribute" VALUES('a50104f1-8c81-4fc6-93dd-8194ef9bd090','422d59d2-0cb4-42e2-ac52-f463c15b4cad','skraceniNaziv','skraceninaziv',30,200,'',FALSE)
COMMIT
CREATE TABLE "myfirstmodule$magacin" (\u000d\u000a\u0009"id" BIGINT NOT NULL,\u000d\u000a\u0009"nazivmagacina" VARCHAR_IGNORECASE(200) NULL,\u000d\u000a\u0009"myfirstmodule$magacin_radnik" BIGINT NULL,\u000d\u000a\u0009PRIMARY KEY("id"))
CREATE INDEX "idx_myfirstmodule$magacin_myfirstmodule$magacin_radnik" ON "myfirstmodule$magacin" ("myfirstmodule$magacin_radnik" ASC,"id" ASC)
INSERT INTO "mendixsystem$entity" VALUES('f8bdacae-115a-482d-8d08-47574f9272c0','MyFirstModule.Magacin','myfirstmodule$magacin',NULL,FALSE,FALSE)
INSERT INTO "mendixsystem$attribute" VALUES('30d677a8-5893-4a0d-9815-5d733ca44998','f8bdacae-115a-482d-8d08-47574f9272c0','nazivMagacina','nazivmagacina',30,200,'',FALSE)
INSERT INTO "mendixsystem$index" VALUES('2e9fd783-9963-39d0-8463-5ae78aedf6c8','f8bdacae-115a-482d-8d08-47574f9272c0','idx_myfirstmodule$magacin_myfirstmodule$magacin_radnik')
INSERT INTO "mendixsystem$index_column" VALUES('2e9fd783-9963-39d0-8463-5ae78aedf6c8','0fc5bca1-df13-4501-9d97-1f07e5945985',FALSE,0)
INSERT INTO "mendixsystem$association" VALUES('0fc5bca1-df13-4501-9d97-1f07e5945985','MyFirstModule.Magacin_Radnik','myfirstmodule$magacin','f8bdacae-115a-482d-8d08-47574f9272c0','2005476c-b225-4c02-977a-b9bf6e894ca9','id','myfirstmodule$magacin_radnik',NULL,NULL,NULL,'frn_myfirstmodule$magacin_myfirstmodule$magacin_radnik',NULL,2,1)
COMMIT
CREATE TABLE "system$workflowgroup" (\u000d\u000a\u0009"id" BIGINT NOT NULL,\u000d\u000a\u0009"name" VARCHAR_IGNORECASE(200) NULL,\u000d\u000a\u0009"description" VARCHAR_IGNORECASE(2147483647) NULL,\u000d\u000a\u0009"modelguid" VARCHAR_IGNORECASE(36) NULL,\u000d\u000a\u0009PRIMARY KEY("id"),\u000d\u000a\u0009CONSTRAINT "uniq_system$workflowgroup_name" UNIQUE ("name"))
INSERT INTO "mendixsystem$entity" VALUES('7582d0f8-a963-4fde-8535-e1b257b388d6','System.WorkflowGroup','system$workflowgroup',NULL,FALSE,FALSE)
INSERT INTO "mendixsystem$attribute" VALUES('28d9ed06-e6fd-4cba-b6a9-4f9e47fece63','7582d0f8-a963-4fde-8535-e1b257b388d6','Name','name',30,200,'',FALSE)
INSERT INTO "mendixsystem$attribute" VALUES('41b5b84e-50fb-4851-a59a-272834dbf4c3','7582d0f8-a963-4fde-8535-e1b257b388d6','Description','description',30,0,'',FALSE)
INSERT INTO "mendixsystem$attribute" VALUES('898f9984-f489-4e01-9fbe-4df29cba7ce5','7582d0f8-a963-4fde-8535-e1b257b388d6','ModelGUID','modelguid',30,36,'',FALSE)
INSERT INTO "mendixsystem$unique_constraint" VALUES('uniq_system$workflowgroup_name','7582d0f8-a963-4fde-8535-e1b257b388d6','28d9ed06-e6fd-4cba-b6a9-4f9e47fece63')
COMMIT
CREATE TABLE "system$workflowactivity_previousactivity" (\u000d\u000a\u0009"system$workflowactivityid1" BIGINT NOT NULL,\u000d\u000a\u0009"system$workflowactivityid2" BIGINT NOT NULL,\u000d\u000a\u0009PRIMARY KEY("system$workflowactivityid1","system$workflowactivityid2"),\u000d\u000a\u0009CONSTRAINT "frn_system$workflowactivity_previousactivity_system$workflowactivityid1" FOREIGN KEY ( "system$workflowactivityid1" ) REFERENCES "system$workflowactivity" ( "id" ) ON DELETE CASCADE,\u000d\u000a\u0009CONSTRAINT "frn_system$workflowactivity_previousactivity_system$workflowactivityid2" FOREIGN KEY ( "system$workflowactivityid2" ) REFERENCES "system$workflowactivity" ( "id" ) ON DELETE CASCADE)
CREATE INDEX "idx_system$workflowactivity_previousactivity_system$workflowactivity_system$workflowactivity" ON "system$workflowactivity_previousactivity" ("system$workflowactivityid2" ASC,"system$workflowactivityid1" ASC)
INSERT INTO "mendixsystem$association" VALUES('8d8c8ffc-08d6-4dc5-88f6-5b344763d948','System.WorkflowActivity_PreviousActivity','system$workflowactivity_previousactivity','a5952592-bb2c-4798-9805-f9ff91ad97de','a5952592-bb2c-4798-9805-f9ff91ad97de','system$workflowactivityid1','system$workflowactivityid2',NULL,'idx_system$workflowactivity_previousactivity_system$workflowactivity_system$workflowactivity','frn_system$workflowactivity_previousactivity_system$workflowactivityid1','frn_system$workflowactivity_previousactivity_system$workflowactivityid2',0,0,2)
COMMIT
CREATE TABLE "system$workflowversion_workflowusertaskdefinition" (\u000d\u000a\u0009"system$workflowversionid" BIGINT NOT NULL,\u000d\u000a\u0009"system$workflowusertaskdefinitionid" BIGINT NOT NULL,\u000d\u000a\u0009PRIMARY KEY("system$workflowversionid","system$workflowusertaskdefinitionid"),\u000d\u000a\u0009CONSTRAINT "frn_system$workflowversion_workflowusertaskdefinition_system$workflowversionid" FOREIGN KEY ( "system$workflowversionid" ) REFERENCES "system$workflowversion" ( "id" ) ON DELETE CASCADE,\u000d\u000a\u0009CONSTRAINT "frn_system$workflowversion_workflowusertaskdefinition_system$workflowusertaskdefinitionid" FOREIGN KEY ( "system$workflowusertaskdefinitionid" ) REFERENCES "system$workflowusertaskdefinition" ( "id" ) ON DELETE CASCADE)
CREATE INDEX "idx_system$workflowversion_workflowusertaskdefinition_system$workflowusertaskdefinition_system$workflowversion" ON "system$workflowversion_workflowusertaskdefinition" ("system$workflowusertaskdefinitionid" ASC,"system$workflowversionid" ASC)
INSERT INTO "mendixsystem$association" VALUES('3348e396-6643-4a5b-bcb1-a939cdcdf435','System.WorkflowVersion_WorkflowUserTaskDefinition','system$workflowversion_workflowusertaskdefinition','30834a21-e81c-4cbf-a10b-5f60f5fddc82','e09e866f-288b-475c-9465-792cde8b878c','system$workflowversionid','system$workflowusertaskdefinitionid',NULL,'idx_system$workflowversion_workflowusertaskdefinition_system$workflowusertaskdefinition_system$workflowversion','frn_system$workflowversion_workflowusertaskdefinition_system$workflowversionid','frn_system$workflowversion_workflowusertaskdefinition_system$workflowusertaskdefinitionid',0,0,2)
COMMIT
CREATE TABLE "system$synchronizationerrorfile_synchronizationerror" (\u000d\u000a\u0009"system$synchronizationerrorfileid" BIGINT NOT NULL,\u000d\u000a\u0009"system$synchronizationerrorid" BIGINT NOT NULL,\u000d\u000a\u0009PRIMARY KEY("system$synchronizationerrorfileid","system$synchronizationerrorid"),\u000d\u000a\u0009CONSTRAINT "uniq_system$synchronizationerrorfile_synchronizationerror_system$synchronizationerrorfileid" UNIQUE ("system$synchronizationerrorfileid"),\u000d\u000a\u0009CONSTRAINT "frn_system$synchronizationerrorfile_synchronizationerror_system$synchronizationerrorfileid" FOREIGN KEY ( "system$synchronizationerrorfileid" ) REFERENCES "system$synchronizationerrorfile" ( "id" ) ON DELETE CASCADE,\u000d\u000a\u0009CONSTRAINT "frn_system$synchronizationerrorfile_synchronizationerror_system$synchronizationerrorid" FOREIGN KEY ( "system$synchronizationerrorid" ) REFERENCES "system$synchronizationerror" ( "id" ) ON DELETE CASCADE)
CREATE INDEX "idx_system$synchronizationerrorfile_synchronizationerror_system$synchronizationerror_system$synchronizationerrorfile" ON "system$synchronizationerrorfile_synchronizationerror" ("system$synchronizationerrorid" ASC,"system$synchronizationerrorfileid" ASC)
INSERT INTO "mendixsystem$association" VALUES('6440aa38-83ff-4ba6-8c85-5ff785956b09','System.SynchronizationErrorFile_SynchronizationError','system$synchronizationerrorfile_synchronizationerror','9b26443c-f4bb-4252-aa62-9eaffb71c4db','f9818ad8-3214-4b1d-b837-3181863f5ed5','system$synchronizationerrorfileid','system$synchronizationerrorid',NULL,'idx_system$synchronizationerrorfile_synchronizationerror_system$synchronizationerror_system$synchronizationerrorfile','frn_system$synchronizationerrorfile_synchronizationerror_system$synchronizationerrorfileid','frn_system$synchronizationerrorfile_synchronizationerror_system$synchronizationerrorid',0,0,2)
INSERT INTO "mendixsystem$unique_constraint" VALUES('uniq_system$synchronizationerrorfile_synchronizationerror_system$synchronizationerrorfileid','6440aa38-83ff-4ba6-8c85-5ff785956b09','1e2455b8-3c89-380e-983f-14ead6e94b4c')
COMMIT
CREATE TABLE "system$scheduledeventinformation_xasinstance" (\u000d\u000a\u0009"system$scheduledeventinformationid" BIGINT NOT NULL,\u000d\u000a\u0009"system$xasinstanceid" BIGINT NOT NULL,\u000d\u000a\u0009PRIMARY KEY("system$scheduledeventinformationid","system$xasinstanceid"),\u000d\u000a\u0009CONSTRAINT "uniq_system$scheduledeventinformation_xasinstance_system$scheduledeventinformationid" UNIQUE ("system$scheduledeventinformationid"),\u000d\u000a\u0009CONSTRAINT "frn_system$scheduledeventinformation_xasinstance_system$scheduledeventinformationid" FOREIGN KEY ( "system$scheduledeventinformationid" ) REFERENCES "system$scheduledeventinformation" ( "id" ) ON DELETE CASCADE,\u000d\u000a\u0009CONSTRAINT "frn_system$scheduledeventinformation_xasinstance_system$xasinstanceid" FOREIGN KEY ( "system$xasinstanceid" ) REFERENCES "system$xasinstance" ( "id" ) ON DELETE CASCADE)
CREATE INDEX "idx_system$scheduledeventinformation_xasinstance_system$xasinstance_system$scheduledeventinformation" ON "system$scheduledeventinformation_xasinstance" ("system$xasinstanceid" ASC,"system$scheduledeventinformationid" ASC)
INSERT INTO "mendixsystem$association" VALUES('7b8a18de-fe6d-4735-9841-0d9d4760697e','System.ScheduledEventInformation_XASInstance','system$scheduledeventinformation_xasinstance','685df5a6-1e02-49bb-a0b5-5a55c5e8313d','d4154981-8dac-4150-aec5-efa3ef62a7a2','system$scheduledeventinformationid','system$xasinstanceid',NULL,'idx_system$scheduledeventinformation_xasinstance_system$xasinstance_system$scheduledeventinformation','frn_system$scheduledeventinformation_xasinstance_system$scheduledeventinformationid','frn_system$scheduledeventinformation_xasinstance_system$xasinstanceid',0,0,2)
INSERT INTO "mendixsystem$unique_constraint" VALUES('uniq_system$scheduledeventinformation_xasinstance_system$scheduledeventinformationid','7b8a18de-fe6d-4735-9841-0d9d4760697e','b1eb1dd4-9f4c-3dae-9cde-9a7df66af36c')
COMMIT
CREATE TABLE "system$workflowusertaskoutcome_user" (\u000d\u000a\u0009"system$workflowusertaskoutcomeid" BIGINT NOT NULL,\u000d\u000a\u0009"system$userid" BIGINT NOT NULL,\u000d\u000a\u0009PRIMARY KEY("system$workflowusertaskoutcomeid","system$userid"),\u000d\u000a\u0009CONSTRAINT "uniq_system$workflowusertaskoutcome_user_system$workflowusertaskoutcomeid" UNIQUE ("system$workflowusertaskoutcomeid"),\u000d\u000a\u0009CONSTRAINT "frn_system$workflowusertaskoutcome_user_system$workflowusertaskoutcomeid" FOREIGN KEY ( "system$workflowusertaskoutcomeid" ) REFERENCES "system$workflowusertaskoutcome" ( "id" ) ON DELETE CASCADE,\u000d\u000a\u0009CONSTRAINT "frn_system$workflowusertaskoutcome_user_system$userid" FOREIGN KEY ( "system$userid" ) REFERENCES "system$user" ( "id" ) ON DELETE CASCADE)
CREATE INDEX "idx_system$workflowusertaskoutcome_user_system$user_system$workflowusertaskoutcome" ON "system$workflowusertaskoutcome_user" ("system$userid" ASC,"system$workflowusertaskoutcomeid" ASC)
INSERT INTO "mendixsystem$association" VALUES('d49ae7eb-5886-4a82-8659-be0b01d13104','System.WorkflowUserTaskOutcome_User','system$workflowusertaskoutcome_user','d753ad05-63c3-4d18-9424-1dd97c7d1a05','282e2e60-88a5-469d-84a5-ba8d9151644f','system$workflowusertaskoutcomeid','system$userid',NULL,'idx_system$workflowusertaskoutcome_user_system$user_system$workflowusertaskoutcome','frn_system$workflowusertaskoutcome_user_system$workflowusertaskoutcomeid','frn_system$workflowusertaskoutcome_user_system$userid',0,0,2)
INSERT INTO "mendixsystem$unique_constraint" VALUES('uniq_system$workflowusertaskoutcome_user_system$workflowusertaskoutcomeid','d49ae7eb-5886-4a82-8659-be0b01d13104','1416fe96-0847-37c7-8af0-e159dca1b3c7')
COMMIT
CREATE TABLE "system$workflowusertaskoutcome_workflowusertask" (\u000d\u000a\u0009"system$workflowusertaskoutcomeid" BIGINT NOT NULL,\u000d\u000a\u0009"system$workflowusertaskid" BIGINT NOT NULL,\u000d\u000a\u0009PRIMARY KEY("system$workflowusertaskoutcomeid","system$workflowusertaskid"),\u000d\u000a\u0009CONSTRAINT "uniq_system$workflowusertaskoutcome_workflowusertask_system$workflowusertaskoutcomeid" UNIQUE ("system$workflowusertaskoutcomeid"),\u000d\u000a\u0009CONSTRAINT "frn_system$workflowusertaskoutcome_workflowusertask_system$workflowusertaskoutcomeid" FOREIGN KEY ( "system$workflowusertaskoutcomeid" ) REFERENCES "system$workflowusertaskoutcome" ( "id" ) ON DELETE CASCADE,\u000d\u000a\u0009CONSTRAINT "frn_system$workflowusertaskoutcome_workflowusertask_system$workflowusertaskid" FOREIGN KEY ( "system$workflowusertaskid" ) REFERENCES "system$workflowusertask" ( "id" ) ON DELETE CASCADE)
CREATE INDEX "idx_system$workflowusertaskoutcome_workflowusertask_system$workflowusertask_system$workflowusertaskoutcome" ON "system$workflowusertaskoutcome_workflowusertask" ("system$workflowusertaskid" ASC,"system$workflowusertaskoutcomeid" ASC)
INSERT INTO "mendixsystem$association" VALUES('37818a79-121d-447e-aa9d-89e88b145180','System.WorkflowUserTaskOutcome_WorkflowUserTask','system$workflowusertaskoutcome_workflowusertask','d753ad05-63c3-4d18-9424-1dd97c7d1a05','3729d27c-735b-457a-b210-9dffb125c3f3','system$workflowusertaskoutcomeid','system$workflowusertaskid',NULL,'idx_system$workflowusertaskoutcome_workflowusertask_system$workflowusertask_system$workflowusertaskoutcome','frn_system$workflowusertaskoutcome_workflowusertask_system$workflowusertaskoutcomeid','frn_system$workflowusertaskoutcome_workflowusertask_system$workflowusertaskid',0,0,2)
INSERT INTO "mendixsystem$unique_constraint" VALUES('uniq_system$workflowusertaskoutcome_workflowusertask_system$workflowusertaskoutcomeid','37818a79-121d-447e-aa9d-89e88b145180','350d214b-6b9c-3c5d-a6d2-3483fecc59d8')
COMMIT
CREATE TABLE "fileuploader$uploadedfile_fileuploadcontext" (\u000d\u000a\u0009"fileuploader$uploadedfileid" BIGINT NOT NULL,\u000d\u000a\u0009"fileuploader$fileuploadcontextid" BIGINT NOT NULL,\u000d\u000a\u0009PRIMARY KEY("fileuploader$uploadedfileid","fileuploader$fileuploadcontextid"),\u000d\u000a\u0009CONSTRAINT "uniq_fileuploader$uploadedfile_fileuploadcontext_fileuploader$uploadedfileid" UNIQUE ("fileuploader$uploadedfileid"),\u000d\u000a\u0009CONSTRAINT "frn_fileuploader$uploadedfile_fileuploadcontext_fileuploader$uploadedfileid" FOREIGN KEY ( "fileuploader$uploadedfileid" ) REFERENCES "fileuploader$uploadedfile" ( "id" ) ON DELETE CASCADE,\u000d\u000a\u0009CONSTRAINT "frn_fileuploader$uploadedfile_fileuploadcontext_fileuploader$fileuploadcontextid" FOREIGN KEY ( "fileuploader$fileuploadcontextid" ) REFERENCES "fileuploader$fileuploadcontext" ( "id" ) ON DELETE CASCADE)
CREATE INDEX "idx_fileuploader$uploadedfile_fileuploadcontext_fileuploader$fileuploadcontext_fileuploader$uploadedfile" ON "fileuploader$uploadedfile_fileuploadcontext" ("fileuploader$fileuploadcontextid" ASC,"fileuploader$uploadedfileid" ASC)
INSERT INTO "mendixsystem$association" VALUES('efd36fca-b357-40af-8173-6e46fb4ef69d','FileUploader.UploadedFile_FileUploadContext','fileuploader$uploadedfile_fileuploadcontext','0ac27547-1473-4ad5-87e6-c68af64e934a','7b249c28-d52a-430e-9dc6-9c1c021883b4','fileuploader$uploadedfileid','fileuploader$fileuploadcontextid',NULL,'idx_fileuploader$uploadedfile_fileuploadcontext_fileuploader$fileuploadcontext_fileuploader$uploadedfile','frn_fileuploader$uploadedfile_fileuploadcontext_fileuploader$uploadedfileid','frn_fileuploader$uploadedfile_fileuploadcontext_fileuploader$fileuploadcontextid',0,0,2)
INSERT INTO "mendixsystem$unique_constraint" VALUES('uniq_fileuploader$uploadedfile_fileuploadcontext_fileuploader$uploadedfileid','efd36fca-b357-40af-8173-6e46fb4ef69d','c45914df-5af5-397b-a4f4-957564f625a0')
COMMIT
CREATE TABLE "system$workflowendedusertaskoutcome_workflowendedusertask" (\u000d\u000a\u0009"system$workflowendedusertaskoutcomeid" BIGINT NOT NULL,\u000d\u000a\u0009"system$workflowendedusertaskid" BIGINT NOT NULL,\u000d\u000a\u0009PRIMARY KEY("system$workflowendedusertaskoutcomeid","system$workflowendedusertaskid"),\u000d\u000a\u0009CONSTRAINT "uniq_system$workflowendedusertaskoutcome_workflowendedusertask_system$workflowendedusertaskoutcomeid" UNIQUE ("system$workflowendedusertaskoutcomeid"),\u000d\u000a\u0009CONSTRAINT "frn_system$workflowendedusertaskoutcome_workflowendedusertask_system$workflowendedusertaskoutcomeid" FOREIGN KEY ( "system$workflowendedusertaskoutcomeid" ) REFERENCES "system$workflowendedusertaskoutcome" ( "id" ) ON DELETE CASCADE,\u000d\u000a\u0009CONSTRAINT "frn_system$workflowendedusertaskoutcome_workflowendedusertask_system$workflowendedusertaskid" FOREIGN KEY ( "system$workflowendedusertaskid" ) REFERENCES "system$workflowendedusertask" ( "id" ) ON DELETE CASCADE)
CREATE INDEX "idx_system$workflowendedusertaskoutcome_workflowendedusertask_system$workflowendedusertask_system$workflowendedusertaskoutcome" ON "system$workflowendedusertaskoutcome_workflowendedusertask" ("system$workflowendedusertaskid" ASC,"system$workflowendedusertaskoutcomeid" ASC)
INSERT INTO "mendixsystem$association" VALUES('91790cd2-b8d9-4e3a-82be-504f4552d1d6','System.WorkflowEndedUserTaskOutcome_WorkflowEndedUserTask','system$workflowendedusertaskoutcome_workflowendedusertask','03c36ed6-7828-420c-9a27-23839d06215d','2e12231f-c3b1-4b7c-bc42-d82c778a62a4','system$workflowendedusertaskoutcomeid','system$workflowendedusertaskid',NULL,'idx_system$workflowendedusertaskoutcome_workflowendedusertask_system$workflowendedusertask_system$workflowendedusertaskoutcome','frn_system$workflowendedusertaskoutcome_workflowendedusertask_system$workflowendedusertaskoutcomeid','frn_system$workflowendedusertaskoutcome_workflowendedusertask_system$workflowendedusertaskid',0,0,2)
INSERT INTO "mendixsystem$unique_constraint" VALUES('uniq_system$workflowendedusertaskoutcome_workflowendedusertask_system$workflowendedusertaskoutcomeid','91790cd2-b8d9-4e3a-82be-504f4552d1d6','1b4998f8-5aed-36c2-94c7-81f202cc6225')
COMMIT
CREATE TABLE "system$workflowendedusertaskoutcome_user" (\u000d\u000a\u0009"system$workflowendedusertaskoutcomeid" BIGINT NOT NULL,\u000d\u000a\u0009"system$userid" BIGINT NOT NULL,\u000d\u000a\u0009PRIMARY KEY("system$workflowendedusertaskoutcomeid","system$userid"),\u000d\u000a\u0009CONSTRAINT "uniq_system$workflowendedusertaskoutcome_user_system$workflowendedusertaskoutcomeid" UNIQUE ("system$workflowendedusertaskoutcomeid"),\u000d\u000a\u0009CONSTRAINT "frn_system$workflowendedusertaskoutcome_user_system$workflowendedusertaskoutcomeid" FOREIGN KEY ( "system$workflowendedusertaskoutcomeid" ) REFERENCES "system$workflowendedusertaskoutcome" ( "id" ) ON DELETE CASCADE,\u000d\u000a\u0009CONSTRAINT "frn_system$workflowendedusertaskoutcome_user_system$userid" FOREIGN KEY ( "system$userid" ) REFERENCES "system$user" ( "id" ) ON DELETE CASCADE)
CREATE INDEX "idx_system$workflowendedusertaskoutcome_user_system$user_system$workflowendedusertaskoutcome" ON "system$workflowendedusertaskoutcome_user" ("system$userid" ASC,"system$workflowendedusertaskoutcomeid" ASC)
INSERT INTO "mendixsystem$association" VALUES('116d625c-39af-4c3b-b723-7b990b8d4336','System.WorkflowEndedUserTaskOutcome_User','system$workflowendedusertaskoutcome_user','03c36ed6-7828-420c-9a27-23839d06215d','282e2e60-88a5-469d-84a5-ba8d9151644f','system$workflowendedusertaskoutcomeid','system$userid',NULL,'idx_system$workflowendedusertaskoutcome_user_system$user_system$workflowendedusertaskoutcome','frn_system$workflowendedusertaskoutcome_user_system$workflowendedusertaskoutcomeid','frn_system$workflowendedusertaskoutcome_user_system$userid',0,0,2)
INSERT INTO "mendixsystem$unique_constraint" VALUES('uniq_system$workflowendedusertaskoutcome_user_system$workflowendedusertaskoutcomeid','116d625c-39af-4c3b-b723-7b990b8d4336','1954a632-5f15-3c9f-a755-f78a51ec01ac')
COMMIT
CREATE TABLE "system$workflowusertaskdefinition_workflowdefinition" (\u000d\u000a\u0009"system$workflowusertaskdefinitionid" BIGINT NOT NULL,\u000d\u000a\u0009"system$workflowdefinitionid" BIGINT NOT NULL,\u000d\u000a\u0009PRIMARY KEY("system$workflowusertaskdefinitionid","system$workflowdefinitionid"),\u000d\u000a\u0009CONSTRAINT "uniq_system$workflowusertaskdefinition_workflowdefinition_system$workflowusertaskdefinitionid" UNIQUE ("system$workflowusertaskdefinitionid"),\u000d\u000a\u0009CONSTRAINT "frn_system$workflowusertaskdefinition_workflowdefinition_system$workflowusertaskdefinitionid" FOREIGN KEY ( "system$workflowusertaskdefinitionid" ) REFERENCES "system$workflowusertaskdefinition" ( "id" ) ON DELETE CASCADE,\u000d\u000a\u0009CONSTRAINT "frn_system$workflowusertaskdefinition_workflowdefinition_system$workflowdefinitionid" FOREIGN KEY ( "system$workflowdefinitionid" ) REFERENCES "system$workflowdefinition" ( "id" ) ON DELETE CASCADE)
CREATE INDEX "idx_system$workflowusertaskdefinition_workflowdefinition_system$workflowdefinition_system$workflowusertaskdefinition" ON "system$workflowusertaskdefinition_workflowdefinition" ("system$workflowdefinitionid" ASC,"system$workflowusertaskdefinitionid" ASC)
INSERT INTO "mendixsystem$association" VALUES('685c576c-19af-4ea7-983d-ece147c1cebc','System.WorkflowUserTaskDefinition_WorkflowDefinition','system$workflowusertaskdefinition_workflowdefinition','e09e866f-288b-475c-9465-792cde8b878c','5c570d3b-7b31-44fe-abd6-269a234584c5','system$workflowusertaskdefinitionid','system$workflowdefinitionid',NULL,'idx_system$workflowusertaskdefinition_workflowdefinition_system$workflowdefinition_system$workflowusertaskdefinition','frn_system$workflowusertaskdefinition_workflowdefinition_system$workflowusertaskdefinitionid','frn_system$workflowusertaskdefinition_workflowdefinition_system$workflowdefinitionid',0,0,2)
INSERT INTO "mendixsystem$unique_constraint" VALUES('uniq_system$workflowusertaskdefinition_workflowdefinition_system$workflowusertaskdefinitionid','685c576c-19af-4ea7-983d-ece147c1cebc','ce3750f0-8db1-37ca-95b5-892696a3d9e2')
COMMIT
CREATE TABLE "system$tokeninformation_user" (\u000d\u000a\u0009"system$tokeninformationid" BIGINT NOT NULL,\u000d\u000a\u0009"system$userid" BIGINT NOT NULL,\u000d\u000a\u0009PRIMARY KEY("system$tokeninformationid","system$userid"),\u000d\u000a\u0009CONSTRAINT "uniq_system$tokeninformation_user_system$tokeninformationid" UNIQUE ("system$tokeninformationid"),\u000d\u000a\u0009CONSTRAINT "frn_system$tokeninformation_user_system$tokeninformationid" FOREIGN KEY ( "system$tokeninformationid" ) REFERENCES "system$tokeninformation" ( "id" ) ON DELETE CASCADE,\u000d\u000a\u0009CONSTRAINT "frn_system$tokeninformation_user_system$userid" FOREIGN KEY ( "system$userid" ) REFERENCES "system$user" ( "id" ) ON DELETE CASCADE)
CREATE INDEX "idx_system$tokeninformation_user_system$user_system$tokeninformation" ON "system$tokeninformation_user" ("system$userid" ASC,"system$tokeninformationid" ASC)
INSERT INTO "mendixsystem$association" VALUES('20ca86b2-5a00-4131-aee1-427cb2e94425','System.TokenInformation_User','system$tokeninformation_user','09b2f0fe-4a11-4afc-a16e-94992a3ebc3d','282e2e60-88a5-469d-84a5-ba8d9151644f','system$tokeninformationid','system$userid',NULL,'idx_system$tokeninformation_user_system$user_system$tokeninformation','frn_system$tokeninformation_user_system$tokeninformationid','frn_system$tokeninformation_user_system$userid',0,0,2)
INSERT INTO "mendixsystem$unique_constraint" VALUES('uniq_system$tokeninformation_user_system$tokeninformationid','20ca86b2-5a00-4131-aee1-427cb2e94425','4abdbc47-924f-3c57-9257-190d5521d13e')
COMMIT
CREATE TABLE "fileuploader$uploadedimage_fileuploadcontext" (\u000d\u000a\u0009"fileuploader$uploadedimageid" BIGINT NOT NULL,\u000d\u000a\u0009"fileuploader$fileuploadcontextid" BIGINT NOT NULL,\u000d\u000a\u0009PRIMARY KEY("fileuploader$uploadedimageid","fileuploader$fileuploadcontextid"),\u000d\u000a\u0009CONSTRAINT "uniq_fileuploader$uploadedimage_fileuploadcontext_fileuploader$uploadedimageid" UNIQUE ("fileuploader$uploadedimageid"),\u000d\u000a\u0009CONSTRAINT "frn_fileuploader$uploadedimage_fileuploadcontext_fileuploader$uploadedimageid" FOREIGN KEY ( "fileuploader$uploadedimageid" ) REFERENCES "fileuploader$uploadedimage" ( "id" ) ON DELETE CASCADE,\u000d\u000a\u0009CONSTRAINT "frn_fileuploader$uploadedimage_fileuploadcontext_fileuploader$fileuploadcontextid" FOREIGN KEY ( "fileuploader$fileuploadcontextid" ) REFERENCES "fileuploader$fileuploadcontext" ( "id" ) ON DELETE CASCADE)
CREATE INDEX "idx_fileuploader$uploadedimage_fileuploadcontext_fileuploader$fileuploadcontext_fileuploader$uploadedimage" ON "fileuploader$uploadedimage_fileuploadcontext" ("fileuploader$fileuploadcontextid" ASC,"fileuploader$uploadedimageid" ASC)
INSERT INTO "mendixsystem$association" VALUES('be8f198f-daf9-4512-b4fb-097f88494146','FileUploader.UploadedImage_FileUploadContext','fileuploader$uploadedimage_fileuploadcontext','773a363d-782d-43c5-a86a-eada148fcf1f','7b249c28-d52a-430e-9dc6-9c1c021883b4','fileuploader$uploadedimageid','fileuploader$fileuploadcontextid',NULL,'idx_fileuploader$uploadedimage_fileuploadcontext_fileuploader$fileuploadcontext_fileuploader$uploadedimage','frn_fileuploader$uploadedimage_fileuploadcontext_fileuploader$uploadedimageid','frn_fileuploader$uploadedimage_fileuploadcontext_fileuploader$fileuploadcontextid',0,0,2)
INSERT INTO "mendixsystem$unique_constraint" VALUES('uniq_fileuploader$uploadedimage_fileuploadcontext_fileuploader$uploadedimageid','be8f198f-daf9-4512-b4fb-097f88494146','6202fd9b-66af-33e0-8a42-39efabb0efda')
COMMIT
CREATE TABLE "system$workflowendedusertask_targetgroups" (\u000d\u000a\u0009"system$workflowendedusertaskid" BIGINT NOT NULL,\u000d\u000a\u0009"system$workflowgroupid" BIGINT NOT NULL,\u000d\u000a\u0009PRIMARY KEY("system$workflowendedusertaskid","system$workflowgroupid"),\u000d\u000a\u0009CONSTRAINT "frn_system$workflowendedusertask_targetgroups_system$workflowendedusertaskid" FOREIGN KEY ( "system$workflowendedusertaskid" ) REFERENCES "system$workflowendedusertask" ( "id" ) ON DELETE CASCADE,\u000d\u000a\u0009CONSTRAINT "frn_system$workflowendedusertask_targetgroups_system$workflowgroupid" FOREIGN KEY ( "system$workflowgroupid" ) REFERENCES "system$workflowgroup" ( "id" ) ON DELETE CASCADE)
CREATE INDEX "idx_system$workflowendedusertask_targetgroups_system$workflowgroup_system$workflowendedusertask" ON "system$workflowendedusertask_targetgroups" ("system$workflowgroupid" ASC,"system$workflowendedusertaskid" ASC)
INSERT INTO "mendixsystem$association" VALUES('c19b560c-e552-40aa-b57e-c24596c097fc','System.WorkflowEndedUserTask_TargetGroups','system$workflowendedusertask_targetgroups','2e12231f-c3b1-4b7c-bc42-d82c778a62a4','7582d0f8-a963-4fde-8535-e1b257b388d6','system$workflowendedusertaskid','system$workflowgroupid',NULL,'idx_system$workflowendedusertask_targetgroups_system$workflowgroup_system$workflowendedusertask','frn_system$workflowendedusertask_targetgroups_system$workflowendedusertaskid','frn_system$workflowendedusertask_targetgroups_system$workflowgroupid',0,0,2)
COMMIT
CREATE TABLE "system$workflowendedusertask_targetusers" (\u000d\u000a\u0009"system$workflowendedusertaskid" BIGINT NOT NULL,\u000d\u000a\u0009"system$userid" BIGINT NOT NULL,\u000d\u000a\u0009PRIMARY KEY("system$workflowendedusertaskid","system$userid"),\u000d\u000a\u0009CONSTRAINT "frn_system$workflowendedusertask_targetusers_system$workflowendedusertaskid" FOREIGN KEY ( "system$workflowendedusertaskid" ) REFERENCES "system$workflowendedusertask" ( "id" ) ON DELETE CASCADE,\u000d\u000a\u0009CONSTRAINT "frn_system$workflowendedusertask_targetusers_system$userid" FOREIGN KEY ( "system$userid" ) REFERENCES "system$user" ( "id" ) ON DELETE CASCADE)
CREATE INDEX "idx_system$workflowendedusertask_targetusers_system$user_system$workflowendedusertask" ON "system$workflowendedusertask_targetusers" ("system$userid" ASC,"system$workflowendedusertaskid" ASC)
INSERT INTO "mendixsystem$association" VALUES('42883174-f6d5-47e3-9094-ee0b197328ab','System.WorkflowEndedUserTask_TargetUsers','system$workflowendedusertask_targetusers','2e12231f-c3b1-4b7c-bc42-d82c778a62a4','282e2e60-88a5-469d-84a5-ba8d9151644f','system$workflowendedusertaskid','system$userid',NULL,'idx_system$workflowendedusertask_targetusers_system$user_system$workflowendedusertask','frn_system$workflowendedusertask_targetusers_system$workflowendedusertaskid','frn_system$workflowendedusertask_targetusers_system$userid',0,0,2)
COMMIT
CREATE TABLE "system$workflowendedusertask_workflowusertaskdefinition" (\u000d\u000a\u0009"system$workflowendedusertaskid" BIGINT NOT NULL,\u000d\u000a\u0009"system$workflowusertaskdefinitionid" BIGINT NOT NULL,\u000d\u000a\u0009PRIMARY KEY("system$workflowendedusertaskid","system$workflowusertaskdefinitionid"),\u000d\u000a\u0009CONSTRAINT "uniq_system$workflowendedusertask_workflowusertaskdefinition_system$workflowendedusertaskid" UNIQUE ("system$workflowendedusertaskid"),\u000d\u000a\u0009CONSTRAINT "frn_system$workflowendedusertask_workflowusertaskdefinition_system$workflowendedusertaskid" FOREIGN KEY ( "system$workflowendedusertaskid" ) REFERENCES "system$workflowendedusertask" ( "id" ) ON DELETE CASCADE,\u000d\u000a\u0009CONSTRAINT "frn_system$workflowendedusertask_workflowusertaskdefinition_system$workflowusertaskdefinitionid" FOREIGN KEY ( "system$workflowusertaskdefinitionid" ) REFERENCES "system$workflowusertaskdefinition" ( "id" ) ON DELETE CASCADE)
CREATE INDEX "idx_system$workflowendedusertask_workflowusertaskdefinition_system$workflowusertaskdefinition_system$workflowendedusertask" ON "system$workflowendedusertask_workflowusertaskdefinition" ("system$workflowusertaskdefinitionid" ASC,"system$workflowendedusertaskid" ASC)
INSERT INTO "mendixsystem$association" VALUES('ea83a1f9-f686-4c16-8146-ff386d4f62a8','System.WorkflowEndedUserTask_WorkflowUserTaskDefinition','system$workflowendedusertask_workflowusertaskdefinition','2e12231f-c3b1-4b7c-bc42-d82c778a62a4','e09e866f-288b-475c-9465-792cde8b878c','system$workflowendedusertaskid','system$workflowusertaskdefinitionid',NULL,'idx_system$workflowendedusertask_workflowusertaskdefinition_system$workflowusertaskdefinition_system$workflowendedusertask','frn_system$workflowendedusertask_workflowusertaskdefinition_system$workflowendedusertaskid','frn_system$workflowendedusertask_workflowusertaskdefinition_system$workflowusertaskdefinitionid',0,0,2)
INSERT INTO "mendixsystem$unique_constraint" VALUES('uniq_system$workflowendedusertask_workflowusertaskdefinition_system$workflowendedusertaskid','ea83a1f9-f686-4c16-8146-ff386d4f62a8','7ba49166-d9e2-3612-b7d4-3e0004d203dd')
COMMIT
CREATE TABLE "system$workflowendedusertask_workflow" (\u000d\u000a\u0009"system$workflowendedusertaskid" BIGINT NOT NULL,\u000d\u000a\u0009"system$workflowid" BIGINT NOT NULL,\u000d\u000a\u0009PRIMARY KEY("system$workflowendedusertaskid","system$workflowid"),\u000d\u000a\u0009CONSTRAINT "uniq_system$workflowendedusertask_workflow_system$workflowendedusertaskid" UNIQUE ("system$workflowendedusertaskid"),\u000d\u000a\u0009CONSTRAINT "frn_system$workflowendedusertask_workflow_system$workflowendedusertaskid" FOREIGN KEY ( "system$workflowendedusertaskid" ) REFERENCES "system$workflowendedusertask" ( "id" ) ON DELETE CASCADE,\u000d\u000a\u0009CONSTRAINT "frn_system$workflowendedusertask_workflow_system$workflowid" FOREIGN KEY ( "system$workflowid" ) REFERENCES "system$workflow" ( "id" ) ON DELETE CASCADE)
CREATE INDEX "idx_system$workflowendedusertask_workflow_system$workflow_system$workflowendedusertask" ON "system$workflowendedusertask_workflow" ("system$workflowid" ASC,"system$workflowendedusertaskid" ASC)
INSERT INTO "mendixsystem$association" VALUES('e1fad91f-3bf8-4a02-88f9-4a2316c7d840','System.WorkflowEndedUserTask_Workflow','system$workflowendedusertask_workflow','2e12231f-c3b1-4b7c-bc42-d82c778a62a4','2ae37bf5-ecb8-4c55-b967-d7383925b208','system$workflowendedusertaskid','system$workflowid',NULL,'idx_system$workflowendedusertask_workflow_system$workflow_system$workflowendedusertask','frn_system$workflowendedusertask_workflow_system$workflowendedusertaskid','frn_system$workflowendedusertask_workflow_system$workflowid',0,0,2)
INSERT INTO "mendixsystem$unique_constraint" VALUES('uniq_system$workflowendedusertask_workflow_system$workflowendedusertaskid','e1fad91f-3bf8-4a02-88f9-4a2316c7d840','19cf3bd4-c27c-319c-9329-9095669c4b4f')
COMMIT
CREATE TABLE "system$workflowendedusertask_assignees" (\u000d\u000a\u0009"system$workflowendedusertaskid" BIGINT NOT NULL,\u000d\u000a\u0009"system$userid" BIGINT NOT NULL,\u000d\u000a\u0009PRIMARY KEY("system$workflowendedusertaskid","system$userid"),\u000d\u000a\u0009CONSTRAINT "frn_system$workflowendedusertask_assignees_system$workflowendedusertaskid" FOREIGN KEY ( "system$workflowendedusertaskid" ) REFERENCES "system$workflowendedusertask" ( "id" ) ON DELETE CASCADE,\u000d\u000a\u0009CONSTRAINT "frn_system$workflowendedusertask_assignees_system$userid" FOREIGN KEY ( "system$userid" ) REFERENCES "system$user" ( "id" ) ON DELETE CASCADE)
CREATE INDEX "idx_system$workflowendedusertask_assignees_system$user_system$workflowendedusertask" ON "system$workflowendedusertask_assignees" ("system$userid" ASC,"system$workflowendedusertaskid" ASC)
INSERT INTO "mendixsystem$association" VALUES('a7f1e558-d129-4adb-b5b4-dbb4853056f2','System.WorkflowEndedUserTask_Assignees','system$workflowendedusertask_assignees','2e12231f-c3b1-4b7c-bc42-d82c778a62a4','282e2e60-88a5-469d-84a5-ba8d9151644f','system$workflowendedusertaskid','system$userid',NULL,'idx_system$workflowendedusertask_assignees_system$user_system$workflowendedusertask','frn_system$workflowendedusertask_assignees_system$workflowendedusertaskid','frn_system$workflowendedusertask_assignees_system$userid',0,0,2)
COMMIT
CREATE TABLE "system$userreportinfo_user" (\u000d\u000a\u0009"system$userreportinfoid" BIGINT NOT NULL,\u000d\u000a\u0009"system$userid" BIGINT NOT NULL,\u000d\u000a\u0009PRIMARY KEY("system$userreportinfoid","system$userid"),\u000d\u000a\u0009CONSTRAINT "uniq_system$userreportinfo_user_system$userreportinfoid" UNIQUE ("system$userreportinfoid"),\u000d\u000a\u0009CONSTRAINT "frn_system$userreportinfo_user_system$userreportinfoid" FOREIGN KEY ( "system$userreportinfoid" ) REFERENCES "system$userreportinfo" ( "id" ) ON DELETE CASCADE,\u000d\u000a\u0009CONSTRAINT "frn_system$userreportinfo_user_system$userid" FOREIGN KEY ( "system$userid" ) REFERENCES "system$user" ( "id" ) ON DELETE CASCADE)
CREATE INDEX "idx_system$userreportinfo_user_system$user_system$userreportinfo" ON "system$userreportinfo_user" ("system$userid" ASC,"system$userreportinfoid" ASC)
INSERT INTO "mendixsystem$association" VALUES('d88b344c-b1e5-4759-b60e-0348e63ac445','System.UserReportInfo_User','system$userreportinfo_user','1c90a770-98ef-45df-9267-b87973cc6581','282e2e60-88a5-469d-84a5-ba8d9151644f','system$userreportinfoid','system$userid',NULL,'idx_system$userreportinfo_user_system$user_system$userreportinfo','frn_system$userreportinfo_user_system$userreportinfoid','frn_system$userreportinfo_user_system$userid',0,0,2)
INSERT INTO "mendixsystem$unique_constraint" VALUES('uniq_system$userreportinfo_user_system$userreportinfoid','d88b344c-b1e5-4759-b60e-0348e63ac445','677bda5e-706d-3d41-b007-247640ca3be1')
COMMIT
CREATE TABLE "system$workflow_parentworkflow" (\u000d\u000a\u0009"system$workflowid1" BIGINT NOT NULL,\u000d\u000a\u0009"system$workflowid2" BIGINT NOT NULL,\u000d\u000a\u0009PRIMARY KEY("system$workflowid1","system$workflowid2"),\u000d\u000a\u0009CONSTRAINT "uniq_system$workflow_parentworkflow_system$workflowid1" UNIQUE ("system$workflowid1"),\u000d\u000a\u0009CONSTRAINT "frn_system$workflow_parentworkflow_system$workflowid1" FOREIGN KEY ( "system$workflowid1" ) REFERENCES "system$workflow" ( "id" ) ON DELETE CASCADE,\u000d\u000a\u0009CONSTRAINT "frn_system$workflow_parentworkflow_system$workflowid2" FOREIGN KEY ( "system$workflowid2" ) REFERENCES "system$workflow" ( "id" ) ON DELETE CASCADE)
CREATE INDEX "idx_system$workflow_parentworkflow_system$workflow_system$workflow" ON "system$workflow_parentworkflow" ("system$workflowid2" ASC,"system$workflowid1" ASC)
INSERT INTO "mendixsystem$association" VALUES('79314052-9dcc-47e5-954b-80ec631ddd41','System.Workflow_ParentWorkflow','system$workflow_parentworkflow','2ae37bf5-ecb8-4c55-b967-d7383925b208','2ae37bf5-ecb8-4c55-b967-d7383925b208','system$workflowid1','system$workflowid2',NULL,'idx_system$workflow_parentworkflow_system$workflow_system$workflow','frn_system$workflow_parentworkflow_system$workflowid1','frn_system$workflow_parentworkflow_system$workflowid2',0,0,2)
INSERT INTO "mendixsystem$unique_constraint" VALUES('uniq_system$workflow_parentworkflow_system$workflowid1','79314052-9dcc-47e5-954b-80ec631ddd41','84b93b3b-9d0a-342e-b78b-17657b92fc22')
COMMIT
CREATE TABLE "system$workflow_workflowdefinition" (\u000d\u000a\u0009"system$workflowid" BIGINT NOT NULL,\u000d\u000a\u0009"system$workflowdefinitionid" BIGINT NOT NULL,\u000d\u000a\u0009PRIMARY KEY("system$workflowid","system$workflowdefinitionid"),\u000d\u000a\u0009CONSTRAINT "uniq_system$workflow_workflowdefinition_system$workflowid" UNIQUE ("system$workflowid"),\u000d\u000a\u0009CONSTRAINT "frn_system$workflow_workflowdefinition_system$workflowid" FOREIGN KEY ( "system$workflowid" ) REFERENCES "system$workflow" ( "id" ) ON DELETE CASCADE,\u000d\u000a\u0009CONSTRAINT "frn_system$workflow_workflowdefinition_system$workflowdefinitionid" FOREIGN KEY ( "system$workflowdefinitionid" ) REFERENCES "system$workflowdefinition" ( "id" ) ON DELETE CASCADE)
CREATE INDEX "idx_system$workflow_workflowdefinition_system$workflowdefinition_system$workflow" ON "system$workflow_workflowdefinition" ("system$workflowdefinitionid" ASC,"system$workflowid" ASC)
INSERT INTO "mendixsystem$association" VALUES('77c87c19-f28d-4ca3-870c-351722cf5e9e','System.Workflow_WorkflowDefinition','system$workflow_workflowdefinition','2ae37bf5-ecb8-4c55-b967-d7383925b208','5c570d3b-7b31-44fe-abd6-269a234584c5','system$workflowid','system$workflowdefinitionid',NULL,'idx_system$workflow_workflowdefinition_system$workflowdefinition_system$workflow','frn_system$workflow_workflowdefinition_system$workflowid','frn_system$workflow_workflowdefinition_system$workflowdefinitionid',0,0,2)
INSERT INTO "mendixsystem$unique_constraint" VALUES('uniq_system$workflow_workflowdefinition_system$workflowid','77c87c19-f28d-4ca3-870c-351722cf5e9e','593e832a-6cbc-3208-b1a1-06b8b873428f')
COMMIT
CREATE TABLE "system$workflow_currentactivity" (\u000d\u000a\u0009"system$workflowid" BIGINT NOT NULL,\u000d\u000a\u0009"system$workflowactivityid" BIGINT NOT NULL,\u000d\u000a\u0009PRIMARY KEY("system$workflowid","system$workflowactivityid"),\u000d\u000a\u0009CONSTRAINT "frn_system$workflow_currentactivity_system$workflowid" FOREIGN KEY ( "system$workflowid" ) REFERENCES "system$workflow" ( "id" ) ON DELETE CASCADE,\u000d\u000a\u0009CONSTRAINT "frn_system$workflow_currentactivity_system$workflowactivityid" FOREIGN KEY ( "system$workflowactivityid" ) REFERENCES "system$workflowactivity" ( "id" ) ON DELETE CASCADE)
CREATE INDEX "idx_system$workflow_currentactivity_system$workflowactivity_system$workflow" ON "system$workflow_currentactivity" ("system$workflowactivityid" ASC,"system$workflowid" ASC)
INSERT INTO "mendixsystem$association" VALUES('58aa640e-8db7-479b-9f91-2425b009ee06','System.Workflow_CurrentActivity','system$workflow_currentactivity','2ae37bf5-ecb8-4c55-b967-d7383925b208','a5952592-bb2c-4798-9805-f9ff91ad97de','system$workflowid','system$workflowactivityid',NULL,'idx_system$workflow_currentactivity_system$workflowactivity_system$workflow','frn_system$workflow_currentactivity_system$workflowid','frn_system$workflow_currentactivity_system$workflowactivityid',0,0,2)
COMMIT
CREATE TABLE "system$session_user" (\u000d\u000a\u0009"system$sessionid" BIGINT NOT NULL,\u000d\u000a\u0009"system$userid" BIGINT NOT NULL,\u000d\u000a\u0009PRIMARY KEY("system$sessionid","system$userid"),\u000d\u000a\u0009CONSTRAINT "uniq_system$session_user_system$sessionid" UNIQUE ("system$sessionid"),\u000d\u000a\u0009CONSTRAINT "frn_system$session_user_system$sessionid" FOREIGN KEY ( "system$sessionid" ) REFERENCES "system$session" ( "id" ) ON DELETE CASCADE,\u000d\u000a\u0009CONSTRAINT "frn_system$session_user_system$userid" FOREIGN KEY ( "system$userid" ) REFERENCES "system$user" ( "id" ) ON DELETE CASCADE)
CREATE INDEX "idx_system$session_user_system$user_system$session" ON "system$session_user" ("system$userid" ASC,"system$sessionid" ASC)
INSERT INTO "mendixsystem$association" VALUES('546aaff5-62e1-40ce-ab45-d40d0a0478f1','System.Session_User','system$session_user','37f9fd49-5318-4c63-9a51-f761779b202f','282e2e60-88a5-469d-84a5-ba8d9151644f','system$sessionid','system$userid',NULL,'idx_system$session_user_system$user_system$session','frn_system$session_user_system$sessionid','frn_system$session_user_system$userid',0,0,2)
INSERT INTO "mendixsystem$unique_constraint" VALUES('uniq_system$session_user_system$sessionid','546aaff5-62e1-40ce-ab45-d40d0a0478f1','142c3a11-004d-3f79-916b-d0347144970b')
COMMIT
CREATE TABLE "system$user_timezone" (\u000d\u000a\u0009"system$userid" BIGINT NOT NULL,\u000d\u000a\u0009"system$timezoneid" BIGINT NOT NULL,\u000d\u000a\u0009PRIMARY KEY("system$userid","system$timezoneid"),\u000d\u000a\u0009CONSTRAINT "uniq_system$user_timezone_system$userid" UNIQUE ("system$userid"),\u000d\u000a\u0009CONSTRAINT "frn_system$user_timezone_system$userid" FOREIGN KEY ( "system$userid" ) REFERENCES "system$user" ( "id" ) ON DELETE CASCADE,\u000d\u000a\u0009CONSTRAINT "frn_system$user_timezone_system$timezoneid" FOREIGN KEY ( "system$timezoneid" ) REFERENCES "system$timezone" ( "id" ) ON DELETE CASCADE)
CREATE INDEX "idx_system$user_timezone_system$timezone_system$user" ON "system$user_timezone" ("system$timezoneid" ASC,"system$userid" ASC)
INSERT INTO "mendixsystem$association" VALUES('bab4a1ab-7d40-47d5-8f21-fc99d089211d','System.User_TimeZone','system$user_timezone','282e2e60-88a5-469d-84a5-ba8d9151644f','7f7c72af-1ab7-4bf9-bed6-16db5c8fcf6f','system$userid','system$timezoneid',NULL,'idx_system$user_timezone_system$timezone_system$user','frn_system$user_timezone_system$userid','frn_system$user_timezone_system$timezoneid',0,0,2)
INSERT INTO "mendixsystem$unique_constraint" VALUES('uniq_system$user_timezone_system$userid','bab4a1ab-7d40-47d5-8f21-fc99d089211d','61482ff9-64e6-366d-9055-524387b93b37')
COMMIT
CREATE TABLE "system$userroles" (\u000d\u000a\u0009"system$userid" BIGINT NOT NULL,\u000d\u000a\u0009"system$userroleid" BIGINT NOT NULL,\u000d\u000a\u0009PRIMARY KEY("system$userid","system$userroleid"),\u000d\u000a\u0009CONSTRAINT "frn_system$userroles_system$userid" FOREIGN KEY ( "system$userid" ) REFERENCES "system$user" ( "id" ) ON DELETE CASCADE,\u000d\u000a\u0009CONSTRAINT "frn_system$userroles_system$userroleid" FOREIGN KEY ( "system$userroleid" ) REFERENCES "system$userrole" ( "id" ) ON DELETE CASCADE)
CREATE INDEX "idx_system$userroles_system$userrole_system$user" ON "system$userroles" ("system$userroleid" ASC,"system$userid" ASC)
INSERT INTO "mendixsystem$association" VALUES('6adaf137-4299-435e-9475-a871a4f21471','System.UserRoles','system$userroles','282e2e60-88a5-469d-84a5-ba8d9151644f','92ef30a6-de04-423c-84fd-a21e9b9eeae2','system$userid','system$userroleid',NULL,'idx_system$userroles_system$userrole_system$user','frn_system$userroles_system$userid','frn_system$userroles_system$userroleid',0,0,2)
COMMIT
CREATE TABLE "system$user_language" (\u000d\u000a\u0009"system$userid" BIGINT NOT NULL,\u000d\u000a\u0009"system$languageid" BIGINT NOT NULL,\u000d\u000a\u0009PRIMARY KEY("system$userid","system$languageid"),\u000d\u000a\u0009CONSTRAINT "uniq_system$user_language_system$userid" UNIQUE ("system$userid"),\u000d\u000a\u0009CONSTRAINT "frn_system$user_language_system$userid" FOREIGN KEY ( "system$userid" ) REFERENCES "system$user" ( "id" ) ON DELETE CASCADE,\u000d\u000a\u0009CONSTRAINT "frn_system$user_language_system$languageid" FOREIGN KEY ( "system$languageid" ) REFERENCES "system$language" ( "id" ) ON DELETE CASCADE)
CREATE INDEX "idx_system$user_language_system$language_system$user" ON "system$user_language" ("system$languageid" ASC,"system$userid" ASC)
INSERT INTO "mendixsystem$association" VALUES('00640985-3c73-4b15-9705-d4ec3ff58e6b','System.User_Language','system$user_language','282e2e60-88a5-469d-84a5-ba8d9151644f','76805df3-dede-435f-92a6-d6525c68a693','system$userid','system$languageid',NULL,'idx_system$user_language_system$language_system$user','frn_system$user_language_system$userid','frn_system$user_language_system$languageid',0,0,2)
INSERT INTO "mendixsystem$unique_constraint" VALUES('uniq_system$user_language_system$userid','00640985-3c73-4b15-9705-d4ec3ff58e6b','37d87db4-942f-301e-b1d7-ca1c940655fa')
COMMIT
CREATE TABLE "system$workflowusertask_workflowusertaskdefinition" (\u000d\u000a\u0009"system$workflowusertaskid" BIGINT NOT NULL,\u000d\u000a\u0009"system$workflowusertaskdefinitionid" BIGINT NOT NULL,\u000d\u000a\u0009PRIMARY KEY("system$workflowusertaskid","system$workflowusertaskdefinitionid"),\u000d\u000a\u0009CONSTRAINT "uniq_system$workflowusertask_workflowusertaskdefinition_system$workflowusertaskid" UNIQUE ("system$workflowusertaskid"),\u000d\u000a\u0009CONSTRAINT "frn_system$workflowusertask_workflowusertaskdefinition_system$workflowusertaskid" FOREIGN KEY ( "system$workflowusertaskid" ) REFERENCES "system$workflowusertask" ( "id" ) ON DELETE CASCADE,\u000d\u000a\u0009CONSTRAINT "frn_system$workflowusertask_workflowusertaskdefinition_system$workflowusertaskdefinitionid" FOREIGN KEY ( "system$workflowusertaskdefinitionid" ) REFERENCES "system$workflowusertaskdefinition" ( "id" ) ON DELETE CASCADE)
CREATE INDEX "idx_system$workflowusertask_workflowusertaskdefinition_system$workflowusertaskdefinition_system$workflowusertask" ON "system$workflowusertask_workflowusertaskdefinition" ("system$workflowusertaskdefinitionid" ASC,"system$workflowusertaskid" ASC)
INSERT INTO "mendixsystem$association" VALUES('0169cc0e-491b-4ee3-812d-6bf3ba28e287','System.WorkflowUserTask_WorkflowUserTaskDefinition','system$workflowusertask_workflowusertaskdefinition','3729d27c-735b-457a-b210-9dffb125c3f3','e09e866f-288b-475c-9465-792cde8b878c','system$workflowusertaskid','system$workflowusertaskdefinitionid',NULL,'idx_system$workflowusertask_workflowusertaskdefinition_system$workflowusertaskdefinition_system$workflowusertask','frn_system$workflowusertask_workflowusertaskdefinition_system$workflowusertaskid','frn_system$workflowusertask_workflowusertaskdefinition_system$workflowusertaskdefinitionid',0,0,2)
INSERT INTO "mendixsystem$unique_constraint" VALUES('uniq_system$workflowusertask_workflowusertaskdefinition_system$workflowusertaskid','0169cc0e-491b-4ee3-812d-6bf3ba28e287','0643c851-59f7-3428-92a1-a970ad21ad18')
COMMIT
CREATE TABLE "system$workflowusertask_assignees" (\u000d\u000a\u0009"system$workflowusertaskid" BIGINT NOT NULL,\u000d\u000a\u0009"system$userid" BIGINT NOT NULL,\u000d\u000a\u0009PRIMARY KEY("system$workflowusertaskid","system$userid"),\u000d\u000a\u0009CONSTRAINT "frn_system$workflowusertask_assignees_system$workflowusertaskid" FOREIGN KEY ( "system$workflowusertaskid" ) REFERENCES "system$workflowusertask" ( "id" ) ON DELETE CASCADE,\u000d\u000a\u0009CONSTRAINT "frn_system$workflowusertask_assignees_system$userid" FOREIGN KEY ( "system$userid" ) REFERENCES "system$user" ( "id" ) ON DELETE CASCADE)
CREATE INDEX "idx_system$workflowusertask_assignees_system$user_system$workflowusertask" ON "system$workflowusertask_assignees" ("system$userid" ASC,"system$workflowusertaskid" ASC)
INSERT INTO "mendixsystem$association" VALUES('929fbbed-d3a8-4ea2-b6ad-b28de4f77776','System.WorkflowUserTask_Assignees','system$workflowusertask_assignees','3729d27c-735b-457a-b210-9dffb125c3f3','282e2e60-88a5-469d-84a5-ba8d9151644f','system$workflowusertaskid','system$userid',NULL,'idx_system$workflowusertask_assignees_system$user_system$workflowusertask','frn_system$workflowusertask_assignees_system$workflowusertaskid','frn_system$workflowusertask_assignees_system$userid',0,0,2)
COMMIT
CREATE TABLE "system$workflowusertask_workflow" (\u000d\u000a\u0009"system$workflowusertaskid" BIGINT NOT NULL,\u000d\u000a\u0009"system$workflowid" BIGINT NOT NULL,\u000d\u000a\u0009PRIMARY KEY("system$workflowusertaskid","system$workflowid"),\u000d\u000a\u0009CONSTRAINT "uniq_system$workflowusertask_workflow_system$workflowusertaskid" UNIQUE ("system$workflowusertaskid"),\u000d\u000a\u0009CONSTRAINT "frn_system$workflowusertask_workflow_system$workflowusertaskid" FOREIGN KEY ( "system$workflowusertaskid" ) REFERENCES "system$workflowusertask" ( "id" ) ON DELETE CASCADE,\u000d\u000a\u0009CONSTRAINT "frn_system$workflowusertask_workflow_system$workflowid" FOREIGN KEY ( "system$workflowid" ) REFERENCES "system$workflow" ( "id" ) ON DELETE CASCADE)
CREATE INDEX "idx_system$workflowusertask_workflow_system$workflow_system$workflowusertask" ON "system$workflowusertask_workflow" ("system$workflowid" ASC,"system$workflowusertaskid" ASC)
INSERT INTO "mendixsystem$association" VALUES('53a1c6d7-5e4d-4a2d-81ec-58fde4bbba8a','System.WorkflowUserTask_Workflow','system$workflowusertask_workflow','3729d27c-735b-457a-b210-9dffb125c3f3','2ae37bf5-ecb8-4c55-b967-d7383925b208','system$workflowusertaskid','system$workflowid',NULL,'idx_system$workflowusertask_workflow_system$workflow_system$workflowusertask','frn_system$workflowusertask_workflow_system$workflowusertaskid','frn_system$workflowusertask_workflow_system$workflowid',0,0,2)
INSERT INTO "mendixsystem$unique_constraint" VALUES('uniq_system$workflowusertask_workflow_system$workflowusertaskid','53a1c6d7-5e4d-4a2d-81ec-58fde4bbba8a','bb1eaa2c-e600-3a88-85d0-08d5f5ca94da')
COMMIT
CREATE TABLE "system$workflowusertask_targetgroups" (\u000d\u000a\u0009"system$workflowusertaskid" BIGINT NOT NULL,\u000d\u000a\u0009"system$workflowgroupid" BIGINT NOT NULL,\u000d\u000a\u0009PRIMARY KEY("system$workflowusertaskid","system$workflowgroupid"),\u000d\u000a\u0009CONSTRAINT "frn_system$workflowusertask_targetgroups_system$workflowusertaskid" FOREIGN KEY ( "system$workflowusertaskid" ) REFERENCES "system$workflowusertask" ( "id" ) ON DELETE CASCADE,\u000d\u000a\u0009CONSTRAINT "frn_system$workflowusertask_targetgroups_system$workflowgroupid" FOREIGN KEY ( "system$workflowgroupid" ) REFERENCES "system$workflowgroup" ( "id" ) ON DELETE CASCADE)
CREATE INDEX "idx_system$workflowusertask_targetgroups_system$workflowgroup_system$workflowusertask" ON "system$workflowusertask_targetgroups" ("system$workflowgroupid" ASC,"system$workflowusertaskid" ASC)
INSERT INTO "mendixsystem$association" VALUES('3b215944-42bb-4113-bfb4-58b1f7b34460','System.WorkflowUserTask_TargetGroups','system$workflowusertask_targetgroups','3729d27c-735b-457a-b210-9dffb125c3f3','7582d0f8-a963-4fde-8535-e1b257b388d6','system$workflowusertaskid','system$workflowgroupid',NULL,'idx_system$workflowusertask_targetgroups_system$workflowgroup_system$workflowusertask','frn_system$workflowusertask_targetgroups_system$workflowusertaskid','frn_system$workflowusertask_targetgroups_system$workflowgroupid',0,0,2)
COMMIT
CREATE TABLE "system$workflowusertask_targetusers" (\u000d\u000a\u0009"system$workflowusertaskid" BIGINT NOT NULL,\u000d\u000a\u0009"system$userid" BIGINT NOT NULL,\u000d\u000a\u0009PRIMARY KEY("system$workflowusertaskid","system$userid"),\u000d\u000a\u0009CONSTRAINT "frn_system$workflowusertask_targetusers_system$workflowusertaskid" FOREIGN KEY ( "system$workflowusertaskid" ) REFERENCES "system$workflowusertask" ( "id" ) ON DELETE CASCADE,\u000d\u000a\u0009CONSTRAINT "frn_system$workflowusertask_targetusers_system$userid" FOREIGN KEY ( "system$userid" ) REFERENCES "system$user" ( "id" ) ON DELETE CASCADE)
CREATE INDEX "idx_system$workflowusertask_targetusers_system$user_system$workflowusertask" ON "system$workflowusertask_targetusers" ("system$userid" ASC,"system$workflowusertaskid" ASC)
INSERT INTO "mendixsystem$association" VALUES('2b9c1990-302f-474c-9341-9d5d23b27653','System.WorkflowUserTask_TargetUsers','system$workflowusertask_targetusers','3729d27c-735b-457a-b210-9dffb125c3f3','282e2e60-88a5-469d-84a5-ba8d9151644f','system$workflowusertaskid','system$userid',NULL,'idx_system$workflowusertask_targetusers_system$user_system$workflowusertask','frn_system$workflowusertask_targetusers_system$workflowusertaskid','frn_system$workflowusertask_targetusers_system$userid',0,0,2)
COMMIT
CREATE TABLE "system$grantableroles" (\u000d\u000a\u0009"system$userroleid1" BIGINT NOT NULL,\u000d\u000a\u0009"system$userroleid2" BIGINT NOT NULL,\u000d\u000a\u0009PRIMARY KEY("system$userroleid1","system$userroleid2"),\u000d\u000a\u0009CONSTRAINT "frn_system$grantableroles_system$userroleid1" FOREIGN KEY ( "system$userroleid1" ) REFERENCES "system$userrole" ( "id" ) ON DELETE CASCADE,\u000d\u000a\u0009CONSTRAINT "frn_system$grantableroles_system$userroleid2" FOREIGN KEY ( "system$userroleid2" ) REFERENCES "system$userrole" ( "id" ) ON DELETE CASCADE)
CREATE INDEX "idx_system$grantableroles_system$userrole_system$userrole" ON "system$grantableroles" ("system$userroleid2" ASC,"system$userroleid1" ASC)
INSERT INTO "mendixsystem$association" VALUES('1adca745-c7a9-44ff-92bb-5d41cb2a1743','System.grantableRoles','system$grantableroles','92ef30a6-de04-423c-84fd-a21e9b9eeae2','92ef30a6-de04-423c-84fd-a21e9b9eeae2','system$userroleid1','system$userroleid2',NULL,'idx_system$grantableroles_system$userrole_system$userrole','frn_system$grantableroles_system$userroleid1','frn_system$grantableroles_system$userroleid2',0,0,2)
COMMIT
CREATE TABLE "system$workflowgroup_user" (\u000d\u000a\u0009"system$workflowgroupid" BIGINT NOT NULL,\u000d\u000a\u0009"system$userid" BIGINT NOT NULL,\u000d\u000a\u0009PRIMARY KEY("system$workflowgroupid","system$userid"),\u000d\u000a\u0009CONSTRAINT "frn_system$workflowgroup_user_system$workflowgroupid" FOREIGN KEY ( "system$workflowgroupid" ) REFERENCES "system$workflowgroup" ( "id" ) ON DELETE CASCADE,\u000d\u000a\u0009CONSTRAINT "frn_system$workflowgroup_user_system$userid" FOREIGN KEY ( "system$userid" ) REFERENCES "system$user" ( "id" ) ON DELETE CASCADE)
CREATE INDEX "idx_system$workflowgroup_user_system$user_system$workflowgroup" ON "system$workflowgroup_user" ("system$userid" ASC,"system$workflowgroupid" ASC)
INSERT INTO "mendixsystem$association" VALUES('c407f399-7e6c-4c2d-9b8d-1d24855f031b','System.WorkflowGroup_User','system$workflowgroup_user','7582d0f8-a963-4fde-8535-e1b257b388d6','282e2e60-88a5-469d-84a5-ba8d9151644f','system$workflowgroupid','system$userid',NULL,'idx_system$workflowgroup_user_system$user_system$workflowgroup','frn_system$workflowgroup_user_system$workflowgroupid','frn_system$workflowgroup_user_system$userid',0,0,2)
COMMIT
ALTER TABLE "myfirstmodule$kategorija" ADD CONSTRAINT "frn_myfirstmodule$kategorija_myfirstmodule$kategorija_preduzece" FOREIGN KEY ( "myfirstmodule$kategorija_preduzece" ) REFERENCES "myfirstmodule$preduzece" ( "id" ) ON DELETE SET NULL
ALTER TABLE "myfirstmodule$robnakartica" ADD CONSTRAINT "frn_myfirstmodule$robnakartica_myfirstmodule$robnakartica_poslovnagodina" FOREIGN KEY ( "myfirstmodule$robnakartica_poslovnagodina" ) REFERENCES "myfirstmodule$poslovnagodina" ( "id" ) ON DELETE SET NULL
ALTER TABLE "myfirstmodule$robnakartica" ADD CONSTRAINT "frn_myfirstmodule$robnakartica_myfirstmodule$robnakartica_magacin" FOREIGN KEY ( "myfirstmodule$robnakartica_magacin" ) REFERENCES "myfirstmodule$magacin" ( "id" ) ON DELETE SET NULL
ALTER TABLE "myfirstmodule$robnakartica" ADD CONSTRAINT "frn_myfirstmodule$robnakartica_myfirstmodule$robnakartica_robailiusluga" FOREIGN KEY ( "myfirstmodule$robnakartica_robailiusluga" ) REFERENCES "myfirstmodule$robailiusluga" ( "id" ) ON DELETE SET NULL
ALTER TABLE "system$workflowactivity" ADD CONSTRAINT "frn_system$workflowactivity_system$workflowactivity_subworkflow" FOREIGN KEY ( "system$workflowactivity_subworkflow" ) REFERENCES "system$workflow" ( "id" ) ON DELETE SET NULL
ALTER TABLE "system$workflowactivity" ADD CONSTRAINT "frn_system$workflowactivity_system$workflowactivity_workflow" FOREIGN KEY ( "system$workflowactivity_workflow" ) REFERENCES "system$workflow" ( "id" ) ON DELETE SET NULL
ALTER TABLE "system$workflowactivity" ADD CONSTRAINT "frn_system$workflowactivity_system$workflowactivity_actor" FOREIGN KEY ( "system$workflowactivity_actor" ) REFERENCES "system$user" ( "id" ) ON DELETE SET NULL
ALTER TABLE "system$workflowactivity" ADD CONSTRAINT "frn_system$workflowactivity_system$workflowactivity_workflowversion" FOREIGN KEY ( "system$workflowactivity_workflowversion" ) REFERENCES "system$workflowversion" ( "id" ) ON DELETE SET NULL
ALTER TABLE "system$workflowactivity" ADD CONSTRAINT "frn_system$workflowactivity_system$workflowactivity_workflowusertask" FOREIGN KEY ( "system$workflowactivity_workflowusertask" ) REFERENCES "system$workflowusertask" ( "id" ) ON DELETE SET NULL
ALTER TABLE "system$backgroundjob" ADD CONSTRAINT "frn_system$backgroundjob_system$backgroundjob_xasinstance" FOREIGN KEY ( "system$backgroundjob_xasinstance" ) REFERENCES "system$xasinstance" ( "id" ) ON DELETE SET NULL
ALTER TABLE "system$backgroundjob" ADD CONSTRAINT "frn_system$backgroundjob_system$backgroundjob_session" FOREIGN KEY ( "system$backgroundjob_session" ) REFERENCES "system$session" ( "id" ) ON DELETE SET NULL
ALTER TABLE "myfirstmodule$poslovnipartner" ADD CONSTRAINT "frn_myfirstmodule$poslovnipartner_myfirstmodule$poslovnipartner_preduzece" FOREIGN KEY ( "myfirstmodule$poslovnipartner_preduzece" ) REFERENCES "myfirstmodule$preduzece" ( "id" ) ON DELETE SET NULL
ALTER TABLE "prodaja$iznospdv" ADD CONSTRAINT "frn_prodaja$iznospdv_prodaja$iznospdv_preduzece" FOREIGN KEY ( "prodaja$iznospdv_preduzece" ) REFERENCES "myfirstmodule$preduzece" ( "id" ) ON DELETE SET NULL
ALTER TABLE "system$changehash" ADD CONSTRAINT "frn_system$changehash_system$changehash_session" FOREIGN KEY ( "system$changehash_session" ) REFERENCES "system$session" ( "id" ) ON DELETE SET NULL
ALTER TABLE "system$workflowversion" ADD CONSTRAINT "frn_system$workflowversion_system$workflowversion_previousversion" FOREIGN KEY ( "system$workflowversion_previousversion" ) REFERENCES "system$workflowversion" ( "id" ) ON DELETE SET NULL
ALTER TABLE "system$workflowversion" ADD CONSTRAINT "frn_system$workflowversion_system$workflowversion_workflowdefinition" FOREIGN KEY ( "system$workflowversion_workflowdefinition" ) REFERENCES "system$workflowdefinition" ( "id" ) ON DELETE SET NULL
ALTER TABLE "system$workflowactivityusertaskoutcome" ADD CONSTRAINT "frn_system$workflowactivityusertaskoutcome_system$workflowactivityusertaskoutcome_user" FOREIGN KEY ( "system$workflowactivityusertaskoutcome_user" ) REFERENCES "system$user" ( "id" ) ON DELETE SET NULL
ALTER TABLE "system$workflowactivityusertaskoutcome" ADD CONSTRAINT "frn_system$workflowactivityusertaskoutcome_system$workflowactivityusertaskoutcome_workflowactivity" FOREIGN KEY ( "system$workflowactivityusertaskoutcome_workflowactivity" ) REFERENCES "system$workflowactivity" ( "id" ) ON DELETE SET NULL
ALTER TABLE "myfirstmodule$stavkeprometnogdokumenta" ADD CONSTRAINT "frn_myfirstmodule$stavkeprometnogdokumenta_myfirstmodule$stavkeprometnogdokumenta_prometnidokument" FOREIGN KEY ( "myfirstmodule$stavkeprometnogdokumenta_prometnidokument" ) REFERENCES "myfirstmodule$prometnidokument" ( "id" ) ON DELETE SET NULL
ALTER TABLE "myfirstmodule$stavkeprometnogdokumenta" ADD CONSTRAINT "frn_myfirstmodule$stavkeprometnogdokumenta_myfirstmodule$stavkeprometnogdokumenta_robailiusluga" FOREIGN KEY ( "myfirstmodule$stavkeprometnogdokumenta_robailiusluga" ) REFERENCES "myfirstmodule$robailiusluga" ( "id" ) ON DELETE SET NULL
ALTER TABLE "myfirstmodule$radnik" ADD CONSTRAINT "frn_myfirstmodule$radnik_myfirstmodule$radnik_preduzece" FOREIGN KEY ( "myfirstmodule$radnik_preduzece" ) REFERENCES "myfirstmodule$preduzece" ( "id" ) ON DELETE SET NULL
ALTER TABLE "prodaja$stavkafakture" ADD CONSTRAINT "frn_prodaja$stavkafakture_prodaja$stavkafakture_robailiusluga" FOREIGN KEY ( "prodaja$stavkafakture_robailiusluga" ) REFERENCES "myfirstmodule$robailiusluga" ( "id" ) ON DELETE SET NULL
ALTER TABLE "prodaja$stavkafakture" ADD CONSTRAINT "frn_prodaja$stavkafakture_prodaja$stavkafakture_izlaznafaktura" FOREIGN KEY ( "prodaja$stavkafakture_izlaznafaktura" ) REFERENCES "prodaja$izlaznafaktura" ( "id" ) ON DELETE SET NULL
ALTER TABLE "myfirstmodule$robailiusluga" ADD CONSTRAINT "frn_myfirstmodule$robailiusluga_myfirstmodule$robailiusluga_jedinicamere" FOREIGN KEY ( "myfirstmodule$robailiusluga_jedinicamere" ) REFERENCES "myfirstmodule$jedinicamere" ( "id" ) ON DELETE SET NULL
ALTER TABLE "system$thumbnail" ADD CONSTRAINT "frn_system$thumbnail_system$thumbnail_image" FOREIGN KEY ( "system$thumbnail_image" ) REFERENCES "system$image" ( "id" ) ON DELETE SET NULL
ALTER TABLE "prodaja$narudzbenicakupca" ADD CONSTRAINT "frn_prodaja$narudzbenicakupca_prodaja$narudzbenicakupca_poslovnipartner" FOREIGN KEY ( "prodaja$narudzbenicakupca_poslovnipartner" ) REFERENCES "myfirstmodule$poslovnipartner" ( "id" ) ON DELETE SET NULL
ALTER TABLE "prodaja$narudzbenicakupca" ADD CONSTRAINT "frn_prodaja$narudzbenicakupca_prodaja$narudzbenicakupca_izlaznafaktura" FOREIGN KEY ( "prodaja$narudzbenicakupca_izlaznafaktura" ) REFERENCES "prodaja$izlaznafaktura" ( "id" ) ON DELETE SET NULL
ALTER TABLE "prodaja$narudzbenicakupca" ADD CONSTRAINT "frn_prodaja$narudzbenicakupca_prodaja$narudzbenicakupca_poslovnagodina" FOREIGN KEY ( "prodaja$narudzbenicakupca_poslovnagodina" ) REFERENCES "myfirstmodule$poslovnagodina" ( "id" ) ON DELETE SET NULL
ALTER TABLE "prodaja$narudzbenicakupca" ADD CONSTRAINT "frn_prodaja$narudzbenicakupca_prodaja$narudzbenicakupca_preduzece" FOREIGN KEY ( "prodaja$narudzbenicakupca_preduzece" ) REFERENCES "myfirstmodule$preduzece" ( "id" ) ON DELETE SET NULL
ALTER TABLE "prodaja$izlaznafaktura" ADD CONSTRAINT "frn_prodaja$izlaznafaktura_prodaja$izlaznafaktura_preduzece" FOREIGN KEY ( "prodaja$izlaznafaktura_preduzece" ) REFERENCES "myfirstmodule$preduzece" ( "id" ) ON DELETE SET NULL
ALTER TABLE "prodaja$izlaznafaktura" ADD CONSTRAINT "frn_prodaja$izlaznafaktura_prodaja$izlaznafaktura_poslovnagodina" FOREIGN KEY ( "prodaja$izlaznafaktura_poslovnagodina" ) REFERENCES "myfirstmodule$poslovnagodina" ( "id" ) ON DELETE SET NULL
ALTER TABLE "prodaja$izlaznafaktura" ADD CONSTRAINT "frn_prodaja$izlaznafaktura_prodaja$izlaznafaktura_poslovnipartner" FOREIGN KEY ( "prodaja$izlaznafaktura_poslovnipartner" ) REFERENCES "myfirstmodule$poslovnipartner" ( "id" ) ON DELETE SET NULL
ALTER TABLE "system$synchronizationerror" ADD CONSTRAINT "frn_system$synchronizationerror_system$owner" FOREIGN KEY ( "system$owner" ) REFERENCES "system$user" ( "id" ) ON DELETE SET NULL
ALTER TABLE "prodaja$stavkanarudzbenice" ADD CONSTRAINT "frn_prodaja$stavkanarudzbenice_prodaja$stavkanarudzbenice_robailiusluga" FOREIGN KEY ( "prodaja$stavkanarudzbenice_robailiusluga" ) REFERENCES "myfirstmodule$robailiusluga" ( "id" ) ON DELETE SET NULL
ALTER TABLE "prodaja$stavkanarudzbenice" ADD CONSTRAINT "frn_prodaja$stavkanarudzbenice_prodaja$stavkanarudzbenice_narudzbenicakupca" FOREIGN KEY ( "prodaja$stavkanarudzbenice_narudzbenicakupca" ) REFERENCES "prodaja$narudzbenicakupca" ( "id" ) ON DELETE SET NULL
ALTER TABLE "system$workflowdefinition" ADD CONSTRAINT "frn_system$workflowdefinition_system$workflowdefinition_currentworkflowversion" FOREIGN KEY ( "system$workflowdefinition_currentworkflowversion" ) REFERENCES "system$workflowversion" ( "id" ) ON DELETE SET NULL
ALTER TABLE "system$unreferencedfile" ADD CONSTRAINT "frn_system$unreferencedfile_system$unreferencedfile_xasinstance" FOREIGN KEY ( "system$unreferencedfile_xasinstance" ) REFERENCES "system$xasinstance" ( "id" ) ON DELETE SET NULL
ALTER TABLE "prodaja$kategorijarobe" ADD CONSTRAINT "frn_prodaja$kategorijarobe_prodaja$kategorijarobe_preduzece" FOREIGN KEY ( "prodaja$kategorijarobe_preduzece" ) REFERENCES "myfirstmodule$preduzece" ( "id" ) ON DELETE SET NULL
ALTER TABLE "prodaja$cenovnik" ADD CONSTRAINT "frn_prodaja$cenovnik_prodaja$cenovnik_preduzece" FOREIGN KEY ( "prodaja$cenovnik_preduzece" ) REFERENCES "myfirstmodule$preduzece" ( "id" ) ON DELETE SET NULL
ALTER TABLE "system$filedocument" ADD CONSTRAINT "frn_system$filedocument_system$changedby" FOREIGN KEY ( "system$changedby" ) REFERENCES "system$user" ( "id" ) ON DELETE SET NULL
ALTER TABLE "system$filedocument" ADD CONSTRAINT "frn_system$filedocument_system$owner" FOREIGN KEY ( "system$owner" ) REFERENCES "system$user" ( "id" ) ON DELETE SET NULL
ALTER TABLE "system$workflow" ADD CONSTRAINT "frn_system$workflow_system$owner" FOREIGN KEY ( "system$owner" ) REFERENCES "system$user" ( "id" ) ON DELETE SET NULL
ALTER TABLE "myfirstmodule$prometrobnekartice" ADD CONSTRAINT "frn_myfirstmodule$prometrobnekartice_myfirstmodule$prometrobnekartice_robnakartica" FOREIGN KEY ( "myfirstmodule$prometrobnekartice_robnakartica" ) REFERENCES "myfirstmodule$robnakartica" ( "id" ) ON DELETE SET NULL
ALTER TABLE "myfirstmodule$poslovnagodina" ADD CONSTRAINT "frn_myfirstmodule$poslovnagodina_myfirstmodule$poslovnagodina_preduzece" FOREIGN KEY ( "myfirstmodule$poslovnagodina_preduzece" ) REFERENCES "myfirstmodule$preduzece" ( "id" ) ON DELETE SET NULL
ALTER TABLE "system$processedqueuetask" ADD CONSTRAINT "frn_system$processedqueuetask_system$owner" FOREIGN KEY ( "system$owner" ) REFERENCES "system$user" ( "id" ) ON DELETE SET NULL
ALTER TABLE "system$user" ADD CONSTRAINT "frn_system$user_system$changedby" FOREIGN KEY ( "system$changedby" ) REFERENCES "system$user" ( "id" ) ON DELETE SET NULL
ALTER TABLE "system$user" ADD CONSTRAINT "frn_system$user_system$owner" FOREIGN KEY ( "system$owner" ) REFERENCES "system$user" ( "id" ) ON DELETE SET NULL
ALTER TABLE "prodaja$cena" ADD CONSTRAINT "frn_prodaja$cena_prodaja$cena_cenovnik" FOREIGN KEY ( "prodaja$cena_cenovnik" ) REFERENCES "prodaja$cenovnik" ( "id" ) ON DELETE SET NULL
ALTER TABLE "prodaja$cena" ADD CONSTRAINT "frn_prodaja$cena_prodaja$cena_robailiusluga" FOREIGN KEY ( "prodaja$cena_robailiusluga" ) REFERENCES "myfirstmodule$robailiusluga" ( "id" ) ON DELETE SET NULL
ALTER TABLE "myfirstmodule$prometnidokument" ADD CONSTRAINT "frn_myfirstmodule$prometnidokument_myfirstmodule$prometnidokument_poslovnipartner" FOREIGN KEY ( "myfirstmodule$prometnidokument_poslovnipartner" ) REFERENCES "myfirstmodule$poslovnipartner" ( "id" ) ON DELETE SET NULL
ALTER TABLE "myfirstmodule$prometnidokument" ADD CONSTRAINT "frn_myfirstmodule$prometnidokument_myfirstmodule$prometnidokument_poslovnagodina" FOREIGN KEY ( "myfirstmodule$prometnidokument_poslovnagodina" ) REFERENCES "myfirstmodule$poslovnagodina" ( "id" ) ON DELETE SET NULL
ALTER TABLE "myfirstmodule$prometnidokument" ADD CONSTRAINT "frn_myfirstmodule$prometnidokument_myfirstmodule$prometnidokument_magacin" FOREIGN KEY ( "myfirstmodule$prometnidokument_magacin" ) REFERENCES "myfirstmodule$magacin" ( "id" ) ON DELETE SET NULL
ALTER TABLE "myfirstmodule$prometnidokument" ADD CONSTRAINT "frn_myfirstmodule$prometnidokument_myfirstmodule$prometnidokument_magacin_2" FOREIGN KEY ( "myfirstmodule$prometnidokument_magacin_2" ) REFERENCES "myfirstmodule$magacin" ( "id" ) ON DELETE SET NULL
ALTER TABLE "system$queuedtask" ADD CONSTRAINT "frn_system$queuedtask_system$owner" FOREIGN KEY ( "system$owner" ) REFERENCES "system$user" ( "id" ) ON DELETE SET NULL
ALTER TABLE "myfirstmodule$magacin" ADD CONSTRAINT "frn_myfirstmodule$magacin_myfirstmodule$magacin_radnik" FOREIGN KEY ( "myfirstmodule$magacin_radnik" ) REFERENCES "myfirstmodule$radnik" ( "id" ) ON DELETE SET NULL
INSERT INTO "mendixsystem$version" VALUES('4.2','2025-10-09 19:20:34.779000','4.4.0',NULL,NULL,NULL)
COMMIT
DELETE FROM "mendixsystem$version" WHERE "versionnumber"='4.2'
INSERT INTO "mendixsystem$version" VALUES('4.2','2025-10-09 19:20:34.779000','4.4.0','unversioned','MagacineSale','11.2.0.77998')
COMMIT
INSERT INTO "mendixsystem$entityidentifier" VALUES('7f7c72af-1ab7-4bf9-bed6-16db5c8fcf6f',74,1)
COMMIT
INSERT INTO "mendixsystem$entityidentifier" VALUES('1ebda4ad-6e00-4b19-8b95-6b6261beb937',16,1)
COMMIT
INSERT INTO "mendixsystem$entityidentifier" VALUES('4beaee07-595a-4371-bbe4-7d86875f0ebb',41,1)
COMMIT
INSERT INTO "mendixsystem$entityidentifier" VALUES('34cd2fbd-e9d8-4b1c-9235-bc6df34da129',3,1)
COMMIT
INSERT INTO "mendixsystem$entityidentifier" VALUES('bb60ef05-6d17-48ad-a4ef-559310c30c5b',75,1)
COMMIT
INSERT INTO "mendixsystem$entityidentifier" VALUES('3b6f5ca3-28d6-4581-b26e-7ce5bd0e6eeb',19,1)
COMMIT
INSERT INTO "mendixsystem$entityidentifier" VALUES('5a08e249-ed51-4aaf-a3ea-9ea055ce8837',62,1)
COMMIT
INSERT INTO "mendixsystem$entityidentifier" VALUES('7a2b178d-8e52-47e4-b483-78c9ea4e0837',56,1)
COMMIT
INSERT INTO "mendixsystem$entityidentifier" VALUES('4e336d7d-71e8-41f4-9f07-8f0646543e81',45,1)
COMMIT
INSERT INTO "mendixsystem$entityidentifier" VALUES('a11d9b16-c2f9-4ebd-affa-45f3cd8ff090',22,1)
COMMIT
INSERT INTO "mendixsystem$entityidentifier" VALUES('71e370a8-2628-4282-bc0f-8f0e111445e3',57,1)
COMMIT
INSERT INTO "mendixsystem$entityidentifier" VALUES('d4154981-8dac-4150-aec5-efa3ef62a7a2',67,1)
COMMIT
INSERT INTO "mendixsystem$entityidentifier" VALUES('c6c131c8-8779-4213-9b26-a64e141f26a8',70,1)
COMMIT
INSERT INTO "mendixsystem$entityidentifier" VALUES('773a363d-782d-43c5-a86a-eada148fcf1f',49,1)
COMMIT
INSERT INTO "mendixsystem$entityidentifier" VALUES('f307db58-2afe-4f31-ae97-5812c3caac19',46,1)
COMMIT
INSERT INTO "mendixsystem$entityidentifier" VALUES('7c11b391-186e-42eb-9e3f-c96bd54edd1e',72,1)
COMMIT
INSERT INTO "mendixsystem$entityidentifier" VALUES('37827192-315d-4ab6-85b8-f626f866ea76',76,1)
COMMIT
INSERT INTO "mendixsystem$entityidentifier" VALUES('3729d27c-735b-457a-b210-9dffb125c3f3',68,1)
COMMIT
INSERT INTO "mendixsystem$entityidentifier" VALUES('810e9e9b-6158-4c57-9d2a-b26e8a573215',10,1)
COMMIT
INSERT INTO "mendixsystem$entityidentifier" VALUES('422d59d2-0cb4-42e2-ac52-f463c15b4cad',78,1)
COMMIT
INSERT INTO "mendixsystem$entityidentifier" VALUES('0ac27547-1473-4ad5-87e6-c68af64e934a',37,1)
COMMIT
INSERT INTO "mendixsystem$entityidentifier" VALUES('660db38b-5ab4-4d15-b649-93a947ecea82',6,1)
COMMIT
INSERT INTO "mendixsystem$entityidentifier" VALUES('26648b06-f188-406d-ad8d-8d67aaf9a6a9',27,1)
COMMIT
INSERT INTO "mendixsystem$entityidentifier" VALUES('76805df3-dede-435f-92a6-d6525c68a693',1,1)
COMMIT
INSERT INTO "mendixsystem$entityidentifier" VALUES('1c90a770-98ef-45df-9267-b87973cc6581',58,1)
COMMIT
INSERT INTO "mendixsystem$entityidentifier" VALUES('92ef30a6-de04-423c-84fd-a21e9b9eeae2',73,1)
COMMIT
INSERT INTO "mendixsystem$entityidentifier" VALUES('7df7c2ec-0e85-4184-904d-e28be20102e5',4,1)
COMMIT
INSERT INTO "mendixsystem$entityidentifier" VALUES('e09e866f-288b-475c-9465-792cde8b878c',44,1)
COMMIT
INSERT INTO "mendixsystem$entityidentifier" VALUES('170ce49d-f29c-4fac-99a6-b55e8a3aeb39',55,1)
COMMIT
INSERT INTO "mendixsystem$entityidentifier" VALUES('09b2f0fe-4a11-4afc-a16e-94992a3ebc3d',47,1)
COMMIT
INSERT INTO "mendixsystem$entityidentifier" VALUES('4babd4c0-b903-4cb4-b1af-e59c4a5fcf3d',30,1)
COMMIT
INSERT INTO "mendixsystem$entityidentifier" VALUES('67c28960-7a7a-11e6-bdf4-0800200c9a66',2,1)
COMMIT
INSERT INTO "mendixsystem$entityidentifier" VALUES('282e2e60-88a5-469d-84a5-ba8d9151644f',65,1)
COMMIT
INSERT INTO "mendixsystem$entityidentifier" VALUES('30834a21-e81c-4cbf-a10b-5f60f5fddc82',15,1)
COMMIT
INSERT INTO "mendixsystem$entityidentifier" VALUES('89cea6a8-a2df-4925-85e4-2b0c447e98c3',7,1)
COMMIT
INSERT INTO "mendixsystem$entityidentifier" VALUES('03c36ed6-7828-420c-9a27-23839d06215d',43,1)
COMMIT
INSERT INTO "mendixsystem$entityidentifier" VALUES('24f72d72-3c66-46e4-a08b-09daf0f451d8',13,1)
COMMIT
INSERT INTO "mendixsystem$entityidentifier" VALUES('c7d0900a-b084-492f-ba85-ab576ae5b7bc',51,1)
COMMIT
INSERT INTO "mendixsystem$entityidentifier" VALUES('8eae269c-cd9b-465c-b947-7d36086ec3c1',8,1)
COMMIT
INSERT INTO "mendixsystem$entityidentifier" VALUES('e0f5acaa-ffb8-4b30-a4c0-09d1a2047a16',26,1)
COMMIT
INSERT INTO "mendixsystem$entityidentifier" VALUES('3b6afd5e-647e-4b7c-9ff8-2a7df14ff143',35,1)
COMMIT
INSERT INTO "mendixsystem$entityidentifier" VALUES('ae6fd1ff-eb91-44fd-ab0e-be367fceb92a',18,1)
COMMIT
INSERT INTO "mendixsystem$entityidentifier" VALUES('afa08dbb-7919-4152-b2ce-bce9d5045f15',11,1)
COMMIT
INSERT INTO "mendixsystem$entityidentifier" VALUES('f8bdacae-115a-482d-8d08-47574f9272c0',79,1)
COMMIT
INSERT INTO "mendixsystem$entityidentifier" VALUES('2ae37bf5-ecb8-4c55-b967-d7383925b208',59,1)
COMMIT
INSERT INTO "mendixsystem$entityidentifier" VALUES('774949f4-b629-4d3d-ae5c-7fe0968dd9b5',66,1)
COMMIT
INSERT INTO "mendixsystem$entityidentifier" VALUES('d753ad05-63c3-4d18-9424-1dd97c7d1a05',25,1)
COMMIT
INSERT INTO "mendixsystem$entityidentifier" VALUES('7b249c28-d52a-430e-9dc6-9c1c021883b4',17,1)
COMMIT
INSERT INTO "mendixsystem$entityidentifier" VALUES('6ce831ac-593f-4d38-b933-f9c48c85b8f1',50,1)
COMMIT
INSERT INTO "mendixsystem$entityidentifier" VALUES('a15d2764-6c3a-468e-868f-264bc6bf68d8',24,1)
COMMIT
INSERT INTO "mendixsystem$entityidentifier" VALUES('d0bdd881-0557-4b85-9771-bcda46b90c77',33,1)
COMMIT
INSERT INTO "mendixsystem$entityidentifier" VALUES('137064d4-4cf1-4a0b-92a5-a11b66360ff9',71,1)
COMMIT
INSERT INTO "mendixsystem$entityidentifier" VALUES('02c3ca37-92ec-4c0e-8905-267ca122aa32',77,1)
COMMIT
INSERT INTO "mendixsystem$entityidentifier" VALUES('ce3860ff-2093-42cd-b462-8da7485fc01e',12,1)
COMMIT
INSERT INTO "mendixsystem$entityidentifier" VALUES('ec0f07a2-68c8-4eed-8c4e-5b2a316152f5',29,1)
COMMIT
INSERT INTO "mendixsystem$entityidentifier" VALUES('2d6e1228-0ec2-493a-975a-c8f52e4b0371',9,1)
COMMIT
INSERT INTO "mendixsystem$entityidentifier" VALUES('3d460fe3-2308-474b-8d3a-931ac838776f',36,1)
COMMIT
INSERT INTO "mendixsystem$entityidentifier" VALUES('9f2c1aca-9a03-46f8-97ab-d4e43141a396',28,1)
COMMIT
INSERT INTO "mendixsystem$entityidentifier" VALUES('9964805e-2a84-4c40-8ed1-34c7cc78539d',38,1)
COMMIT
INSERT INTO "mendixsystem$entityidentifier" VALUES('3e56cd66-10e3-4285-b853-42397264b158',14,1)
COMMIT
INSERT INTO "mendixsystem$entityidentifier" VALUES('a046943f-826d-4ebf-828c-bb1ec60bc7bd',32,1)
COMMIT
INSERT INTO "mendixsystem$entityidentifier" VALUES('a5952592-bb2c-4798-9805-f9ff91ad97de',5,1)
COMMIT
INSERT INTO "mendixsystem$entityidentifier" VALUES('688e3395-2151-45c2-bf9a-1bac77757e25',48,1)
COMMIT
INSERT INTO "mendixsystem$entityidentifier" VALUES('26f95d50-1d77-4f0a-8a4b-e82654690903',53,1)
COMMIT
INSERT INTO "mendixsystem$entityidentifier" VALUES('00e40311-6322-40dc-9e2e-522f2043314f',31,1)
COMMIT
INSERT INTO "mendixsystem$entityidentifier" VALUES('9b26443c-f4bb-4252-aa62-9eaffb71c4db',20,1)
COMMIT
INSERT INTO "mendixsystem$entityidentifier" VALUES('5c570d3b-7b31-44fe-abd6-269a234584c5',42,1)
COMMIT
INSERT INTO "mendixsystem$entityidentifier" VALUES('13569267-75e5-48f9-911f-3850836274bb',60,1)
COMMIT
INSERT INTO "mendixsystem$entityidentifier" VALUES('eb5c32a1-85ec-49d1-8bca-ecca779cd539',64,1)
COMMIT
INSERT INTO "mendixsystem$entityidentifier" VALUES('f50292ea-5bef-489c-b4cd-db0246eae494',34,1)
COMMIT
INSERT INTO "mendixsystem$entityidentifier" VALUES('37f9fd49-5318-4c63-9a51-f761779b202f',61,1)
COMMIT
INSERT INTO "mendixsystem$entityidentifier" VALUES('d71efaf1-c220-4af2-ac4e-8cfef7390862',69,1)
COMMIT
INSERT INTO "mendixsystem$entityidentifier" VALUES('2e12231f-c3b1-4b7c-bc42-d82c778a62a4',54,1)
COMMIT
INSERT INTO "mendixsystem$entityidentifier" VALUES('173e2903-68fc-4eda-9075-0ec5045f8a2e',52,1)
COMMIT
INSERT INTO "mendixsystem$entityidentifier" VALUES('f9818ad8-3214-4b1d-b837-3181863f5ed5',39,1)
COMMIT
INSERT INTO "mendixsystem$entityidentifier" VALUES('7a2371c6-62d4-404f-b08a-4e60cc8df1a8',63,1)
COMMIT
INSERT INTO "mendixsystem$entityidentifier" VALUES('7582d0f8-a963-4fde-8535-e1b257b388d6',80,1)
COMMIT
INSERT INTO "mendixsystem$entityidentifier" VALUES('685df5a6-1e02-49bb-a0b5-5a55c5e8313d',21,1)
COMMIT
INSERT INTO "mendixsystem$entityidentifier" VALUES('9395ca66-84e4-4422-938d-452d7bad8621',40,1)
COMMIT
INSERT INTO "mendixsystem$entityidentifier" VALUES('2005476c-b225-4c02-977a-b9bf6e894ca9',23,1)
COMMIT
/*C4*/SET SCHEMA PUBLIC
CREATE TABLE "mendixsystem$properties" (\u000d\u000a\u0009"key" VARCHAR_IGNORECASE(200) NOT NULL,\u000d\u000a\u0009"value" VARCHAR_IGNORECASE(200) NOT NULL,\u000d\u000a\u0009PRIMARY KEY("key"))
/*C3*/DELETE FROM "mendixsystem$entityidentifier" WHERE "id"='7f7c72af-1ab7-4bf9-bed6-16db5c8fcf6f'
INSERT INTO "mendixsystem$entityidentifier" VALUES('7f7c72af-1ab7-4bf9-bed6-16db5c8fcf6f',74,101)
COMMIT
DELETE FROM "mendixsystem$entityidentifier" WHERE "id"='7f7c72af-1ab7-4bf9-bed6-16db5c8fcf6f'
INSERT INTO "mendixsystem$entityidentifier" VALUES('7f7c72af-1ab7-4bf9-bed6-16db5c8fcf6f',74,1071)
COMMIT
INSERT INTO "system$timezone" VALUES(20829148276609116,'America/Merida','(GMT-06:00) Merida/America',-21600000)
INSERT INTO "system$timezone" VALUES(20829148276626358,'Asia/Nicosia','(GMT+02:00) Nicosia/Asia',7200000)
INSERT INTO "system$timezone" VALUES(20829148276604066,'America/Guadeloupe','(GMT-04:00) Guadeloupe/America',-14400000)
INSERT INTO "system$timezone" VALUES(20829148276591499,'Africa/Freetown','(GMT+00:00) Freetown/Africa',0)
INSERT INTO "system$timezone" VALUES(20829148276631733,'Atlantic/Canary','(GMT+00:00) Canary/Atlantic',0)
INSERT INTO "system$timezone" VALUES(20829148276640631,'Europe/Kaliningrad','(GMT+02:00) Kaliningrad/Europe',7200000)
INSERT INTO "system$timezone" VALUES(20829148276645438,'Europe/Volgograd','(GMT+03:00) Volgograd/Europe',10800000)
INSERT INTO "system$timezone" VALUES(20829148276596925,'America/Argentina/La_Rioja','(GMT-03:00) Argentina/La Rioja/America',-10800000)
INSERT INTO "system$timezone" VALUES(20829148276601051,'America/Coral_Harbour','(GMT-05:00) Coral Harbour/America',-18000000)
INSERT INTO "system$timezone" VALUES(20829148276628293,'Asia/Samarkand','(GMT+05:00) Samarkand/Asia',18000000)
INSERT INTO "system$timezone" VALUES(20829148276619953,'Asia/Baghdad','(GMT+03:00) Baghdad/Asia',10800000)
INSERT INTO "system$timezone" VALUES(20829148276624221,'Asia/Kamchatka','(GMT+12:00) Kamchatka/Asia',43200000)
INSERT INTO "system$timezone" VALUES(20829148276643680,'Europe/Saratov','(GMT+04:00) Saratov/Europe',14400000)
INSERT INTO "system$timezone" VALUES(20829148276654800,'US/Pacific','(GMT-08:00) Pacific/US',-28800000)
INSERT INTO "system$timezone" VALUES(20829148276637460,'Chile/Continental','(GMT-04:00) Continental/Chile',-14400000)
INSERT INTO "system$timezone" VALUES(20829148276598613,'America/Bahia_Banderas','(GMT-06:00) Bahia Banderas/America',-21600000)
INSERT INTO "system$timezone" VALUES(20829148276589287,'Africa/Asmara','(GMT+03:00) Asmara/Africa',10800000)
INSERT INTO "system$timezone" VALUES(20829148276631079,'Asia/Yangon','(GMT+06:30) Yangon/Asia',23400000)
INSERT INTO "system$timezone" VALUES(20829148276642272,'Europe/Moscow','(GMT+03:00) Moscow/Europe',10800000)
INSERT INTO "system$timezone" VALUES(20829148276632079,'Atlantic/Faroe','(GMT+00:00) Faroe/Atlantic',0)
INSERT INTO "system$timezone" VALUES(20829148276599146,'America/Blanc-Sablon','(GMT-04:00) Blanc-Sablon/America',-14400000)
INSERT INTO "system$timezone" VALUES(20829148276595436,'Africa/Tunis','(GMT+01:00) Tunis/Africa',3600000)
INSERT INTO "system$timezone" VALUES(20829148276621813,'Asia/Dacca','(GMT+06:00) Dacca/Asia',21600000)
INSERT INTO "system$timezone" VALUES(20829148276612959,'America/Rankin_Inlet','(GMT-06:00) Rankin Inlet/America',-21600000)
INSERT INTO "system$timezone" VALUES(20829148276641320,'Europe/London','(GMT+00:00) London/Europe',0)
INSERT INTO "system$timezone" VALUES(20829148276640062,'Europe/Helsinki','(GMT+02:00) Helsinki/Europe',7200000)
INSERT INTO "system$timezone" VALUES(20829148276623451,'Asia/Irkutsk','(GMT+08:00) Irkutsk/Asia',28800000)
INSERT INTO "system$timezone" VALUES(20829148276647635,'Mexico/BajaSur','(GMT-07:00) BajaSur/Mexico',-25200000)
INSERT INTO "system$timezone" VALUES(20829148276611640,'America/Pangnirtung','(GMT-05:00) Pangnirtung/America',-18000000)
INSERT INTO "system$timezone" VALUES(20829148276654000,'US/East-Indiana','(GMT-05:00) East-Indiana/US',-18000000)
INSERT INTO "system$timezone" VALUES(20829148276647751,'Mexico/General','(GMT-06:00) General/Mexico',-21600000)
INSERT INTO "system$timezone" VALUES(20829148276625704,'Asia/Macau','(GMT+08:00) Macau/Asia',28800000)
INSERT INTO "system$timezone" VALUES(20829148276595901,'America/Anguilla','(GMT-04:00) Anguilla/America',-14400000)
INSERT INTO "system$timezone" VALUES(20829148276637168,'Canada/Pacific','(GMT-08:00) Pacific/Canada',-28800000)
INSERT INTO "system$timezone" VALUES(20829148276600234,'America/Catamarca','(GMT-03:00) Catamarca/America',-10800000)
INSERT INTO "system$timezone" VALUES(20829148276589807,'Africa/Banjul','(GMT+00:00) Banjul/Africa',0)
INSERT INTO "system$timezone" VALUES(20829148276605772,'America/Indiana/Vincennes','(GMT-05:00) Indiana/Vincennes/America',-18000000)
INSERT INTO "system$timezone" VALUES(20829148276654548,'US/Michigan','(GMT-05:00) Michigan/US',-18000000)
INSERT INTO "system$timezone" VALUES(20829148276595167,'Africa/Timbuktu','(GMT+00:00) Timbuktu/Africa',0)
INSERT INTO "system$timezone" VALUES(20829148276615180,'America/St_Thomas','(GMT-04:00) St Thomas/America',-14400000)
INSERT INTO "system$timezone" VALUES(20829148276622569,'Asia/Famagusta','(GMT+02:00) Famagusta/Asia',7200000)
INSERT INTO "system$timezone" VALUES(20829148276631422,'Asia/Yerevan','(GMT+04:00) Yerevan/Asia',14400000)
INSERT INTO "system$timezone" VALUES(20829148276590791,'Africa/Conakry','(GMT+00:00) Conakry/Africa',0)
INSERT INTO "system$timezone" VALUES(20829148276653751,'US/Arizona','(GMT-07:00) Arizona/US',-25200000)
INSERT INTO "system$timezone" VALUES(20829148276628501,'Asia/Shanghai','(GMT+08:00) Shanghai/Asia',28800000)
INSERT INTO "system$timezone" VALUES(20829148276622377,'Asia/Dushanbe','(GMT+05:00) Dushanbe/Asia',18000000)
INSERT INTO "system$timezone" VALUES(20829148276589001,'Africa/Addis_Ababa','(GMT+03:00) Addis Ababa/Africa',10800000)
INSERT INTO "system$timezone" VALUES(20829148276601808,'America/Danmarkshavn','(GMT+00:00) Danmarkshavn/America',0)
INSERT INTO "system$timezone" VALUES(20829148276644565,'Europe/Tiraspol','(GMT+02:00) Tiraspol/Europe',7200000)
INSERT INTO "system$timezone" VALUES(20829148276618698,'Arctic/Longyearbyen','(GMT+01:00) Longyearbyen/Arctic',3600000)
INSERT INTO "system$timezone" VALUES(20829148276592496,'Africa/Kigali','(GMT+02:00) Kigali/Africa',7200000)
INSERT INTO "system$timezone" VALUES(20829148276599798,'America/Cambridge_Bay','(GMT-07:00) Cambridge Bay/America',-25200000)
INSERT INTO "system$timezone" VALUES(20829148276632313,'Atlantic/Jan_Mayen','(GMT+01:00) Jan Mayen/Atlantic',3600000)
INSERT INTO "system$timezone" VALUES(20829148276591472,'Africa/El_Aaiun','(GMT+00:00) El Aaiun/Africa',0)
INSERT INTO "system$timezone" VALUES(20829148276595543,'Africa/Windhoek','(GMT+01:00) Windhoek/Africa',3600000)
INSERT INTO "system$timezone" VALUES(20829148276611192,'America/North_Dakota/New_Salem','(GMT-06:00) North Dakota/New Salem/America',-21600000)
INSERT INTO "system$timezone" VALUES(20829148276638045,'Europe/Andorra','(GMT+01:00) Andorra/Europe',3600000)
INSERT INTO "system$timezone" VALUES(20829148276596836,'America/Argentina/Jujuy','(GMT-03:00) Argentina/Jujuy/America',-10800000)
INSERT INTO "system$timezone" VALUES(20829148276588870,'Africa/Accra','(GMT+00:00) Accra/Africa',0)
INSERT INTO "system$timezone" VALUES(20829148276629919,'Asia/Tomsk','(GMT+07:00) Tomsk/Asia',25200000)
INSERT INTO "system$timezone" VALUES(20829148276646110,'Indian/Antananarivo','(GMT+03:00) Antananarivo/Indian',10800000)
INSERT INTO "system$timezone" VALUES(20829148276614699,'America/St_Barthelemy','(GMT-04:00) St Barthelemy/America',-14400000)
INSERT INTO "system$timezone" VALUES(20829148276605584,'America/Indiana/Vevay','(GMT-05:00) Indiana/Vevay/America',-18000000)
INSERT INTO "system$timezone" VALUES(20829148276626103,'Asia/Manila','(GMT+08:00) Manila/Asia',28800000)
INSERT INTO "system$timezone" VALUES(20829148276646011,'Europe/Zurich','(GMT+01:00) Zurich/Europe',3600000)
INSERT INTO "system$timezone" VALUES(20829148276621500,'Asia/Chungking','(GMT+08:00) Chungking/Asia',28800000)
INSERT INTO "system$timezone" VALUES(20829148276653638,'US/Aleutian','(GMT-10:00) Aleutian/US',-36000000)
INSERT INTO "system$timezone" VALUES(20829148276616857,'America/Yakutat','(GMT-09:00) Yakutat/America',-32400000)
INSERT INTO "system$timezone" VALUES(20829148276623874,'Asia/Jerusalem','(GMT+02:00) Jerusalem/Asia',7200000)
INSERT INTO "system$timezone" VALUES(20829148276642365,'Europe/Nicosia','(GMT+02:00) Nicosia/Europe',7200000)
INSERT INTO "system$timezone" VALUES(20829148276634951,'Australia/Perth','(GMT+08:00) Perth/Australia',28800000)
INSERT INTO "system$timezone" VALUES(20829148276638747,'Europe/Bratislava','(GMT+01:00) Bratislava/Europe',3600000)
INSERT INTO "system$timezone" VALUES(20829148276608587,'America/Matamoros','(GMT-06:00) Matamoros/America',-21600000)
INSERT INTO "system$timezone" VALUES(20829148276602505,'America/Edmonton','(GMT-07:00) Edmonton/America',-25200000)
INSERT INTO "system$timezone" VALUES(20829148276621676,'Asia/Colombo','(GMT+05:30) Colombo/Asia',19800000)
INSERT INTO "system$timezone" VALUES(20829148276643855,'Europe/Skopje','(GMT+01:00) Skopje/Europe',3600000)
INSERT INTO "system$timezone" VALUES(20829148276632534,'Atlantic/Reykjavik','(GMT+00:00) Reykjavik/Atlantic',0)
INSERT INTO "system$timezone" VALUES(20829148276630588,'Asia/Ust-Nera','(GMT+10:00) Ust-Nera/Asia',36000000)
INSERT INTO "system$timezone" VALUES(20829148276588692,'Africa/Abidjan','(GMT+00:00) Abidjan/Africa',0)
INSERT INTO "system$timezone" VALUES(20829148276612171,'America/Port_of_Spain','(GMT-04:00) Port of Spain/America',-14400000)
INSERT INTO "system$timezone" VALUES(20829148276653220,'Pacific/Wallis','(GMT+12:00) Wallis/Pacific',43200000)
INSERT INTO "system$timezone" VALUES(20829148276639395,'Europe/Chisinau','(GMT+02:00) Chisinau/Europe',7200000)
INSERT INTO "system$timezone" VALUES(20829148276644464,'Europe/Tirane','(GMT+01:00) Tirane/Europe',3600000)
INSERT INTO "system$timezone" VALUES(20829148276637817,'Etc/UTC','(GMT+00:00) UTC/Etc',0)
INSERT INTO "system$timezone" VALUES(20829148276613540,'America/Rosario','(GMT-03:00) Rosario/America',-10800000)
INSERT INTO "system$timezone" VALUES(20829148276599494,'America/Boise','(GMT-07:00) Boise/America',-25200000)
INSERT INTO "system$timezone" VALUES(20829148276596436,'America/Argentina/Catamarca','(GMT-03:00) Argentina/Catamarca/America',-10800000)
INSERT INTO "system$timezone" VALUES(20829148276613740,'America/Santa_Isabel','(GMT-08:00) Santa Isabel/America',-28800000)
INSERT INTO "system$timezone" VALUES(20829148276618175,'Antarctica/South_Pole','(GMT+12:00) South Pole/Antarctica',43200000)
INSERT INTO "system$timezone" VALUES(20829148276613084,'America/Recife','(GMT-03:00) Recife/America',-10800000)
INSERT INTO "system$timezone" VALUES(20829148276591937,'Africa/Johannesburg','(GMT+02:00) Johannesburg/Africa',7200000)
INSERT INTO "system$timezone" VALUES(20829148276619361,'Asia/Aqtau','(GMT+05:00) Aqtau/Asia',18000000)
INSERT INTO "system$timezone" VALUES(20829148276611392,'America/Ojinaga','(GMT-06:00) Ojinaga/America',-21600000)
INSERT INTO "system$timezone" VALUES(20829148276624689,'Asia/Katmandu','(GMT+05:45) Katmandu/Asia',20700000)
INSERT INTO "system$timezone" VALUES(20829148276607478,'America/Lima','(GMT-05:00) Lima/America',-18000000)
INSERT INTO "system$timezone" VALUES(20829148276602228,'America/Denver','(GMT-07:00) Denver/America',-25200000)
INSERT INTO "system$timezone" VALUES(20829148276647939,'Pacific/Auckland','(GMT+12:00) Auckland/Pacific',43200000)
INSERT INTO "system$timezone" VALUES(20829148276604918,'America/Hermosillo','(GMT-07:00) Hermosillo/America',-25200000)
INSERT INTO "system$timezone" VALUES(20829148276596517,'America/Argentina/ComodRivadavia','(GMT-03:00) Argentina/ComodRivadavia/America',-10800000)
INSERT INTO "system$timezone" VALUES(20829148276621864,'Asia/Damascus','(GMT+03:00) Damascus/Asia',10800000)
INSERT INTO "system$timezone" VALUES(20829148276594289,'Africa/Nairobi','(GMT+03:00) Nairobi/Africa',10800000)
INSERT INTO "system$timezone" VALUES(20829148276610241,'America/Nassau','(GMT-05:00) Nassau/America',-18000000)
INSERT INTO "system$timezone" VALUES(20829148276650264,'Pacific/Kosrae','(GMT+11:00) Kosrae/Pacific',39600000)
INSERT INTO "system$timezone" VALUES(20829148276618802,'Asia/Aden','(GMT+03:00) Aden/Asia',10800000)
INSERT INTO "system$timezone" VALUES(20829148276599892,'America/Campo_Grande','(GMT-04:00) Campo Grande/America',-14400000)
INSERT INTO "system$timezone" VALUES(20829148276614030,'America/Santo_Domingo','(GMT-04:00) Santo Domingo/America',-14400000)
INSERT INTO "system$timezone" VALUES(20829148276619007,'Asia/Almaty','(GMT+05:00) Almaty/Asia',18000000)
INSERT INTO "system$timezone" VALUES(20829148276609797,'America/Montevideo','(GMT-03:00) Montevideo/America',-10800000)
INSERT INTO "system$timezone" VALUES(20829148276604407,'America/Guayaquil','(GMT-05:00) Guayaquil/America',-18000000)
INSERT INTO "system$timezone" VALUES(20829148276626559,'Asia/Novokuznetsk','(GMT+07:00) Novokuznetsk/Asia',25200000)
INSERT INTO "system$timezone" VALUES(20829148276614266,'America/Sao_Paulo','(GMT-03:00) Sao Paulo/America',-10800000)
INSERT INTO "system$timezone" VALUES(20829148276647153,'Indian/Mauritius','(GMT+04:00) Mauritius/Indian',14400000)
INSERT INTO "system$timezone" VALUES(20829148276600920,'America/Ciudad_Juarez','(GMT-07:00) Ciudad Juarez/America',-25200000)
INSERT INTO "system$timezone" VALUES(20829148276642747,'Europe/Podgorica','(GMT+01:00) Podgorica/Europe',3600000)
INSERT INTO "system$timezone" VALUES(20829148276611983,'America/Port-au-Prince','(GMT-05:00) Port-au-Prince/America',-18000000)
INSERT INTO "system$timezone" VALUES(20829148276591319,'Africa/Douala','(GMT+01:00) Douala/Africa',3600000)
INSERT INTO "system$timezone" VALUES(20829148276648808,'Pacific/Enderbury','(GMT+13:00) Enderbury/Pacific',46800000)
INSERT INTO "system$timezone" VALUES(20829148276594570,'Africa/Nouakchott','(GMT+00:00) Nouakchott/Africa',0)
INSERT INTO "system$timezone" VALUES(20829148276650791,'Pacific/Midway','(GMT-11:00) Midway/Pacific',-39600000)
INSERT INTO "system$timezone" VALUES(20829148276609016,'America/Menominee','(GMT-06:00) Menominee/America',-21600000)
INSERT INTO "system$timezone" VALUES(20829148276637907,'Europe/Amsterdam','(GMT+01:00) Amsterdam/Europe',3600000)
INSERT INTO "system$timezone" VALUES(20829148276622771,'Asia/Harbin','(GMT+08:00) Harbin/Asia',28800000)
INSERT INTO "system$timezone" VALUES(20829148276654402,'US/Indiana-Starke','(GMT-06:00) Indiana-Starke/US',-21600000)
INSERT INTO "system$timezone" VALUES(20829148276648973,'Pacific/Fiji','(GMT+12:00) Fiji/Pacific',43200000)
INSERT INTO "system$timezone" VALUES(20829148276593011,'Africa/Lome','(GMT+00:00) Lome/Africa',0)
INSERT INTO "system$timezone" VALUES(20829148276614520,'America/Shiprock','(GMT-07:00) Shiprock/America',-25200000)
INSERT INTO "system$timezone" VALUES(20829148276601958,'America/Dawson','(GMT-07:00) Dawson/America',-25200000)
INSERT INTO "system$timezone" VALUES(20829148276597797,'America/Argentina/Ushuaia','(GMT-03:00) Argentina/Ushuaia/America',-10800000)
INSERT INTO "system$timezone" VALUES(20829148276604969,'America/Indiana/Indianapolis','(GMT-05:00) Indiana/Indianapolis/America',-18000000)
INSERT INTO "system$timezone" VALUES(20829148276611920,'America/Phoenix','(GMT-07:00) Phoenix/America',-25200000)
INSERT INTO "system$timezone" VALUES(20829148276651526,'Pacific/Palau','(GMT+09:00) Palau/Pacific',32400000)
INSERT INTO "system$timezone" VALUES(20829148276590892,'Africa/Dakar','(GMT+00:00) Dakar/Africa',0)
INSERT INTO "system$timezone" VALUES(20829148276635544,'Australia/Victoria','(GMT+10:00) Victoria/Australia',36000000)
INSERT INTO "system$timezone" VALUES(20829148276601195,'America/Cordoba','(GMT-03:00) Cordoba/America',-10800000)
INSERT INTO "system$timezone" VALUES(20829148276626587,'Asia/Novosibirsk','(GMT+07:00) Novosibirsk/Asia',25200000)
INSERT INTO "system$timezone" VALUES(20829148276601664,'America/Curacao','(GMT-04:00) Curacao/America',-14400000)
INSERT INTO "system$timezone" VALUES(20829148276645638,'Europe/Zagreb','(GMT+01:00) Zagreb/Europe',3600000)
INSERT INTO "system$timezone" VALUES(20829148276643788,'Europe/Simferopol','(GMT+03:00) Simferopol/Europe',10800000)
INSERT INTO "system$timezone" VALUES(20829148276606215,'America/Iqaluit','(GMT-05:00) Iqaluit/America',-18000000)
INSERT INTO "system$timezone" VALUES(20829148276647857,'Pacific/Apia','(GMT+13:00) Apia/Pacific',46800000)
INSERT INTO "system$timezone" VALUES(20829148276636814,'Canada/Mountain','(GMT-07:00) Mountain/Canada',-25200000)
INSERT INTO "system$timezone" VALUES(20829148276643178,'Europe/Rome','(GMT+01:00) Rome/Europe',3600000)
INSERT INTO "system$timezone" VALUES(20829148276648615,'Pacific/Efate','(GMT+11:00) Efate/Pacific',39600000)
INSERT INTO "system$timezone" VALUES(20829148276592702,'Africa/Lagos','(GMT+01:00) Lagos/Africa',3600000)
INSERT INTO "system$timezone" VALUES(20829148276590513,'Africa/Casablanca','(GMT+00:00) Casablanca/Africa',0)
INSERT INTO "system$timezone" VALUES(20829148276597276,'America/Argentina/Salta','(GMT-03:00) Argentina/Salta/America',-10800000)
INSERT INTO "system$timezone" VALUES(20829148276605068,'America/Indiana/Knox','(GMT-06:00) Indiana/Knox/America',-21600000)
INSERT INTO "system$timezone" VALUES(20829148276628958,'Asia/Taipei','(GMT+08:00) Taipei/Asia',28800000)
INSERT INTO "system$timezone" VALUES(20829148276636999,'Canada/Newfoundland','(GMT-03:30) Newfoundland/Canada',-12600000)
INSERT INTO "system$timezone" VALUES(20829148276611541,'America/Panama','(GMT-05:00) Panama/America',-18000000)
INSERT INTO "system$timezone" VALUES(20829148276641793,'Europe/Mariehamn','(GMT+02:00) Mariehamn/Europe',7200000)
INSERT INTO "system$timezone" VALUES(20829148276641677,'Europe/Malta','(GMT+01:00) Malta/Europe',3600000)
INSERT INTO "system$timezone" VALUES(20829148276618075,'Antarctica/Rothera','(GMT-03:00) Rothera/Antarctica',-10800000)
INSERT INTO "system$timezone" VALUES(20829148276646747,'Indian/Kerguelen','(GMT+05:00) Kerguelen/Indian',18000000)
INSERT INTO "system$timezone" VALUES(20829148276645857,'Europe/Zaporozhye','(GMT+02:00) Zaporozhye/Europe',7200000)
INSERT INTO "system$timezone" VALUES(20829148276615005,'America/St_Kitts','(GMT-04:00) St Kitts/America',-14400000)
INSERT INTO "system$timezone" VALUES(20829148276631842,'Atlantic/Cape_Verde','(GMT-01:00) Cape Verde/Atlantic',-3600000)
INSERT INTO "system$timezone" VALUES(20829148276593941,'Africa/Mogadishu','(GMT+03:00) Mogadishu/Africa',10800000)
INSERT INTO "system$timezone" VALUES(20829148276610474,'America/Nipigon','(GMT-05:00) Nipigon/America',-18000000)
INSERT INTO "system$timezone" VALUES(20829148276625016,'Asia/Kolkata','(GMT+05:30) Kolkata/Asia',19800000)
INSERT INTO "system$timezone" VALUES(20829148276639205,'Europe/Budapest','(GMT+01:00) Budapest/Europe',3600000)
INSERT INTO "system$timezone" VALUES(20829148276639296,'Europe/Busingen','(GMT+01:00) Busingen/Europe',3600000)
INSERT INTO "system$timezone" VALUES(20829148276644196,'Europe/Stockholm','(GMT+01:00) Stockholm/Europe',3600000)
INSERT INTO "system$timezone" VALUES(20829148276640367,'Europe/Istanbul','(GMT+03:00) Istanbul/Europe',10800000)
INSERT INTO "system$timezone" VALUES(20829148276628125,'Asia/Sakhalin','(GMT+11:00) Sakhalin/Asia',39600000)
INSERT INTO "system$timezone" VALUES(20829148276647285,'Indian/Mayotte','(GMT+03:00) Mayotte/Indian',10800000)
INSERT INTO "system$timezone" VALUES(20829148276620455,'Asia/Barnaul','(GMT+07:00) Barnaul/Asia',25200000)
INSERT INTO "system$timezone" VALUES(20829148276642148,'Europe/Monaco','(GMT+01:00) Monaco/Europe',3600000)
INSERT INTO "system$timezone" VALUES(20829148276624855,'Asia/Khandyga','(GMT+09:00) Khandyga/Asia',32400000)
INSERT INTO "system$timezone" VALUES(20829148276652935,'Pacific/Truk','(GMT+10:00) Truk/Pacific',36000000)
INSERT INTO "system$timezone" VALUES(20829148276600087,'America/Caracas','(GMT-04:00) Caracas/America',-14400000)
INSERT INTO "system$timezone" VALUES(20829148276636746,'Canada/Eastern','(GMT-05:00) Eastern/Canada',-18000000)
INSERT INTO "system$timezone" VALUES(20829148276607239,'America/La_Paz','(GMT-04:00) La Paz/America',-14400000)
INSERT INTO "system$timezone" VALUES(20829148276622112,'Asia/Dili','(GMT+09:00) Dili/Asia',32400000)
INSERT INTO "system$timezone" VALUES(20829148276619607,'Asia/Ashgabat','(GMT+05:00) Ashgabat/Asia',18000000)
INSERT INTO "system$timezone" VALUES(20829148276613228,'America/Regina','(GMT-06:00) Regina/America',-21600000)
INSERT INTO "system$timezone" VALUES(20829148276626232,'Asia/Muscat','(GMT+04:00) Muscat/Asia',14400000)
INSERT INTO "system$timezone" VALUES(20829148276624087,'Asia/Kabul','(GMT+04:30) Kabul/Asia',16200000)
INSERT INTO "system$timezone" VALUES(20829148276620929,'Asia/Calcutta','(GMT+05:30) Calcutta/Asia',19800000)
INSERT INTO "system$timezone" VALUES(20829148276654973,'US/Samoa','(GMT-11:00) Samoa/US',-39600000)
INSERT INTO "system$timezone" VALUES(20829148276593358,'Africa/Lusaka','(GMT+02:00) Lusaka/Africa',7200000)
INSERT INTO "system$timezone" VALUES(20829148276635913,'Brazil/Acre','(GMT-05:00) Acre/Brazil',-18000000)
INSERT INTO "system$timezone" VALUES(20829148276613786,'America/Santarem','(GMT-03:00) Santarem/America',-10800000)
INSERT INTO "system$timezone" VALUES(20829148276641989,'Europe/Minsk','(GMT+03:00) Minsk/Europe',10800000)
INSERT INTO "system$timezone" VALUES(20829148276647481,'Mexico/BajaNorte','(GMT-08:00) BajaNorte/Mexico',-28800000)
INSERT INTO "system$timezone" VALUES(20829148276626003,'Asia/Makassar','(GMT+08:00) Makassar/Asia',28800000)
INSERT INTO "system$timezone" VALUES(20829148276608372,'America/Marigot','(GMT-04:00) Marigot/America',-14400000)
INSERT INTO "system$timezone" VALUES(20829148276654167,'US/Eastern','(GMT-05:00) Eastern/US',-18000000)
INSERT INTO "system$timezone" VALUES(20829148276631231,'Asia/Yekaterinburg','(GMT+05:00) Yekaterinburg/Asia',18000000)
INSERT INTO "system$timezone" VALUES(20829148276634290,'Australia/Lindeman','(GMT+10:00) Lindeman/Australia',36000000)
INSERT INTO "system$timezone" VALUES(20829148276607956,'America/Maceio','(GMT-03:00) Maceio/America',-10800000)
INSERT INTO "system$timezone" VALUES(20829148276654289,'US/Hawaii','(GMT-10:00) Hawaii/US',-36000000)
INSERT INTO "system$timezone" VALUES(20829148276603126,'America/Fort_Nelson','(GMT-07:00) Fort Nelson/America',-25200000)
INSERT INTO "system$timezone" VALUES(20829148276601381,'America/Creston','(GMT-07:00) Creston/America',-25200000)
INSERT INTO "system$timezone" VALUES(20829148276635208,'Australia/South','(GMT+09:30) South/Australia',34200000)
INSERT INTO "system$timezone" VALUES(20829148276649237,'Pacific/Galapagos','(GMT-06:00) Galapagos/Pacific',-21600000)
INSERT INTO "system$timezone" VALUES(20829148276628807,'Asia/Srednekolymsk','(GMT+11:00) Srednekolymsk/Asia',39600000)
INSERT INTO "system$timezone" VALUES(20829148276648877,'Pacific/Fakaofo','(GMT+13:00) Fakaofo/Pacific',46800000)
INSERT INTO "system$timezone" VALUES(20829148276609377,'America/Mexico_City','(GMT-06:00) Mexico City/America',-21600000)
INSERT INTO "system$timezone" VALUES(20829148276615321,'America/St_Vincent','(GMT-04:00) St Vincent/America',-14400000)
INSERT INTO "system$timezone" VALUES(20829148276654699,'US/Mountain','(GMT-07:00) Mountain/US',-25200000)
INSERT INTO "system$timezone" VALUES(20829148276651861,'Pacific/Pohnpei','(GMT+11:00) Pohnpei/Pacific',39600000)
INSERT INTO "system$timezone" VALUES(20829148276641019,'Europe/Kyiv','(GMT+02:00) Kyiv/Europe',7200000)
INSERT INTO "system$timezone" VALUES(20829148276633658,'Australia/Currie','(GMT+10:00) Currie/Australia',36000000)
INSERT INTO "system$timezone" VALUES(20829148276644036,'Europe/Sofia','(GMT+02:00) Sofia/Europe',7200000)
INSERT INTO "system$timezone" VALUES(20829148276616821,'America/Winnipeg','(GMT-06:00) Winnipeg/America',-21600000)
INSERT INTO "system$timezone" VALUES(20829148276602102,'America/Dawson_Creek','(GMT-07:00) Dawson Creek/America',-25200000)
INSERT INTO "system$timezone" VALUES(20829148276646502,'Indian/Cocos','(GMT+06:30) Cocos/Indian',23400000)
INSERT INTO "system$timezone" VALUES(20829148276651387,'Pacific/Noumea','(GMT+11:00) Noumea/Pacific',39600000)
INSERT INTO "system$timezone" VALUES(20829148276637600,'Chile/EasterIsland','(GMT-06:00) EasterIsland/Chile',-21600000)
INSERT INTO "system$timezone" VALUES(20829148276598236,'America/Atikokan','(GMT-05:00) Atikokan/America',-18000000)
INSERT INTO "system$timezone" VALUES(20829148276610764,'America/Noronha','(GMT-02:00) Noronha/America',-7200000)
INSERT INTO "system$timezone" VALUES(20829148276598844,'America/Belem','(GMT-03:00) Belem/America',-10800000)
INSERT INTO "system$timezone" VALUES(20829148276594485,'Africa/Niamey','(GMT+01:00) Niamey/Africa',3600000)
INSERT INTO "system$timezone" VALUES(20829148276632590,'Atlantic/South_Georgia','(GMT-02:00) South Georgia/Atlantic',-7200000)
INSERT INTO "system$timezone" VALUES(20829148276606817,'America/Kentucky/Louisville','(GMT-05:00) Kentucky/Louisville/America',-18000000)
INSERT INTO "system$timezone" VALUES(20829148276614650,'America/Sitka','(GMT-09:00) Sitka/America',-32400000)
INSERT INTO "system$timezone" VALUES(20829148276625042,'Asia/Krasnoyarsk','(GMT+07:00) Krasnoyarsk/Asia',25200000)
INSERT INTO "system$timezone" VALUES(20829148276626840,'Asia/Oral','(GMT+05:00) Oral/Asia',18000000)
INSERT INTO "system$timezone" VALUES(20829148276594120,'Africa/Monrovia','(GMT+00:00) Monrovia/Africa',0)
INSERT INTO "system$timezone" VALUES(20829148276634438,'Australia/Lord_Howe','(GMT+10:30) Lord Howe/Australia',37800000)
INSERT INTO "system$timezone" VALUES(20829148276645543,'Europe/Warsaw','(GMT+01:00) Warsaw/Europe',3600000)
INSERT INTO "system$timezone" VALUES(20829148276649139,'Pacific/Funafuti','(GMT+12:00) Funafuti/Pacific',43200000)
INSERT INTO "system$timezone" VALUES(20829148276603259,'America/Fort_Wayne','(GMT-05:00) Fort Wayne/America',-18000000)
INSERT INTO "system$timezone" VALUES(20829148276597596,'America/Argentina/San_Luis','(GMT-03:00) Argentina/San Luis/America',-10800000)
INSERT INTO "system$timezone" VALUES(20829148276629148,'Asia/Tbilisi','(GMT+04:00) Tbilisi/Asia',14400000)
INSERT INTO "system$timezone" VALUES(20829148276607192,'America/Kralendijk','(GMT-04:00) Kralendijk/America',-14400000)
INSERT INTO "system$timezone" VALUES(20829148276649478,'Pacific/Guadalcanal','(GMT+11:00) Guadalcanal/Pacific',39600000)
INSERT INTO "system$timezone" VALUES(20829148276597429,'America/Argentina/San_Juan','(GMT-03:00) Argentina/San Juan/America',-10800000)
INSERT INTO "system$timezone" VALUES(20829148276598402,'America/Bahia','(GMT-03:00) Bahia/America',-10800000)
INSERT INTO "system$timezone" VALUES(20829148276642546,'Europe/Oslo','(GMT+01:00) Oslo/Europe',3600000)
INSERT INTO "system$timezone" VALUES(20829148276604640,'America/Halifax','(GMT-04:00) Halifax/America',-14400000)
INSERT INTO "system$timezone" VALUES(20829148276621242,'Asia/Choibalsan','(GMT+08:00) Choibalsan/Asia',28800000)
INSERT INTO "system$timezone" VALUES(20829148276636505,'Canada/Atlantic','(GMT-04:00) Atlantic/Canada',-14400000)
INSERT INTO "system$timezone" VALUES(20829148276606152,'America/Inuvik','(GMT-07:00) Inuvik/America',-25200000)
INSERT INTO "system$timezone" VALUES(20829148276632931,'Atlantic/Stanley','(GMT-03:00) Stanley/Atlantic',-10800000)
INSERT INTO "system$timezone" VALUES(20829148276652411,'Pacific/Saipan','(GMT+10:00) Saipan/Pacific',36000000)
INSERT INTO "system$timezone" VALUES(20829148276625343,'Asia/Kuching','(GMT+08:00) Kuching/Asia',28800000)
INSERT INTO "system$timezone" VALUES(20829148276642986,'Europe/Riga','(GMT+02:00) Riga/Europe',7200000)
INSERT INTO "system$timezone" VALUES(20829148276616077,'America/Toronto','(GMT-05:00) Toronto/America',-18000000)
INSERT INTO "system$timezone" VALUES(20829148276649363,'Pacific/Gambier','(GMT-09:00) Gambier/Pacific',-32400000)
INSERT INTO "system$timezone" VALUES(20829148276603672,'America/Goose_Bay','(GMT-04:00) Goose Bay/America',-14400000)
INSERT INTO "system$timezone" VALUES(20829148276628453,'Asia/Seoul','(GMT+09:00) Seoul/Asia',32400000)
INSERT INTO "system$timezone" VALUES(20829148276595071,'Africa/Sao_Tome','(GMT+00:00) Sao Tome/Africa',0)
INSERT INTO "system$timezone" VALUES(20829148276627297,'Asia/Pyongyang','(GMT+09:00) Pyongyang/Asia',32400000)
INSERT INTO "system$timezone" VALUES(20829148276591846,'Africa/Harare','(GMT+02:00) Harare/Africa',7200000)
INSERT INTO "system$timezone" VALUES(20829148276609456,'America/Miquelon','(GMT-03:00) Miquelon/America',-10800000)
INSERT INTO "system$timezone" VALUES(20829148276643269,'Europe/Samara','(GMT+04:00) Samara/Europe',14400000)
INSERT INTO "system$timezone" VALUES(20829148276598979,'America/Belize','(GMT-06:00) Belize/America',-21600000)
INSERT INTO "system$timezone" VALUES(20829148276610348,'America/New_York','(GMT-05:00) New York/America',-18000000)
INSERT INTO "system$timezone" VALUES(20829148276635501,'Australia/Tasmania','(GMT+10:00) Tasmania/Australia',36000000)
INSERT INTO "system$timezone" VALUES(20829148276589647,'Africa/Bangui','(GMT+01:00) Bangui/Africa',3600000)
INSERT INTO "system$timezone" VALUES(20829148276630854,'Asia/Vladivostok','(GMT+10:00) Vladivostok/Asia',36000000)
INSERT INTO "system$timezone" VALUES(20829148276592199,'Africa/Kampala','(GMT+03:00) Kampala/Africa',10800000)
INSERT INTO "system$timezone" VALUES(20829148276625539,'Asia/Macao','(GMT+08:00) Macao/Asia',28800000)
INSERT INTO "system$timezone" VALUES(20829148276652168,'Pacific/Rarotonga','(GMT-10:00) Rarotonga/Pacific',-36000000)
INSERT INTO "system$timezone" VALUES(20829148276591066,'Africa/Dar_es_Salaam','(GMT+03:00) Dar es Salaam/Africa',10800000)
INSERT INTO "system$timezone" VALUES(20829148276620364,'Asia/Bangkok','(GMT+07:00) Bangkok/Asia',25200000)
INSERT INTO "system$timezone" VALUES(20829148276627146,'Asia/Pontianak','(GMT+07:00) Pontianak/Asia',25200000)
INSERT INTO "system$timezone" VALUES(20829148276630031,'Asia/Ujung_Pandang','(GMT+08:00) Ujung Pandang/Asia',28800000)
INSERT INTO "system$timezone" VALUES(20829148276652524,'Pacific/Samoa','(GMT-11:00) Samoa/Pacific',-39600000)
INSERT INTO "system$timezone" VALUES(20829148276603451,'America/Glace_Bay','(GMT-04:00) Glace Bay/America',-14400000)
INSERT INTO "system$timezone" VALUES(20829148276599977,'America/Cancun','(GMT-05:00) Cancun/America',-18000000)
INSERT INTO "system$timezone" VALUES(20829148276610064,'America/Montserrat','(GMT-04:00) Montserrat/America',-14400000)
INSERT INTO "system$timezone" VALUES(20829148276595714,'America/Anchorage','(GMT-09:00) Anchorage/America',-32400000)
INSERT INTO "system$timezone" VALUES(20829148276645358,'Europe/Vilnius','(GMT+02:00) Vilnius/Europe',7200000)
INSERT INTO "system$timezone" VALUES(20829148276632986,'Australia/ACT','(GMT+10:00) ACT/Australia',36000000)
INSERT INTO "system$timezone" VALUES(20829148276615532,'America/Swift_Current','(GMT-06:00) Swift Current/America',-21600000)
INSERT INTO "system$timezone" VALUES(20829148276593669,'Africa/Maseru','(GMT+02:00) Maseru/Africa',7200000)
INSERT INTO "system$timezone" VALUES(20829148276630962,'Asia/Yakutsk','(GMT+09:00) Yakutsk/Asia',32400000)
INSERT INTO "system$timezone" VALUES(20829148276590107,'Africa/Brazzaville','(GMT+01:00) Brazzaville/Africa',3600000)
INSERT INTO "system$timezone" VALUES(20829148276652744,'Pacific/Tarawa','(GMT+12:00) Tarawa/Pacific',43200000)
INSERT INTO "system$timezone" VALUES(20829148276616398,'America/Vancouver','(GMT-08:00) Vancouver/America',-28800000)
INSERT INTO "system$timezone" VALUES(20829148276618537,'Antarctica/Vostok','(GMT+05:00) Vostok/Antarctica',18000000)
INSERT INTO "system$timezone" VALUES(20829148276648086,'Pacific/Bougainville','(GMT+11:00) Bougainville/Pacific',39600000)
INSERT INTO "system$timezone" VALUES(20829148276650583,'Pacific/Majuro','(GMT+12:00) Majuro/Pacific',43200000)
INSERT INTO "system$timezone" VALUES(20829148276637250,'Canada/Saskatchewan','(GMT-06:00) Saskatchewan/Canada',-21600000)
INSERT INTO "system$timezone" VALUES(20829148276642664,'Europe/Paris','(GMT+01:00) Paris/Europe',3600000)
INSERT INTO "system$timezone" VALUES(20829148276650455,'Pacific/Kwajalein','(GMT+12:00) Kwajalein/Pacific',43200000)
INSERT INTO "system$timezone" VALUES(20829148276630717,'Asia/Vientiane','(GMT+07:00) Vientiane/Asia',25200000)
INSERT INTO "system$timezone" VALUES(20829148276620628,'Asia/Beirut','(GMT+02:00) Beirut/Asia',7200000)
INSERT INTO "system$timezone" VALUES(20829148276653131,'Pacific/Wake','(GMT+12:00) Wake/Pacific',43200000)
INSERT INTO "system$timezone" VALUES(20829148276598387,'America/Atka','(GMT-10:00) Atka/America',-36000000)
INSERT INTO "system$timezone" VALUES(20829148276619163,'Asia/Anadyr','(GMT+12:00) Anadyr/Asia',43200000)
INSERT INTO "system$timezone" VALUES(20829148276609752,'America/Monterrey','(GMT-06:00) Monterrey/America',-21600000)
INSERT INTO "system$timezone" VALUES(20829148276646545,'Indian/Comoro','(GMT+03:00) Comoro/Indian',10800000)
INSERT INTO "system$timezone" VALUES(20829148276609610,'America/Moncton','(GMT-04:00) Moncton/America',-14400000)
INSERT INTO "system$timezone" VALUES(20829148276653375,'Pacific/Yap','(GMT+10:00) Yap/Pacific',36000000)
INSERT INTO "system$timezone" VALUES(20829148276648313,'Pacific/Chatham','(GMT+12:45) Chatham/Pacific',45900000)
INSERT INTO "system$timezone" VALUES(20829148276589126,'Africa/Algiers','(GMT+01:00) Algiers/Africa',3600000)
INSERT INTO "system$timezone" VALUES(20829148276620234,'Asia/Baku','(GMT+04:00) Baku/Asia',14400000)
INSERT INTO "system$timezone" VALUES(20829148276652010,'Pacific/Ponape','(GMT+11:00) Ponape/Pacific',39600000)
INSERT INTO "system$timezone" VALUES(20829148276638107,'Europe/Astrakhan','(GMT+04:00) Astrakhan/Europe',14400000)
INSERT INTO "system$timezone" VALUES(20829148276625815,'Asia/Magadan','(GMT+11:00) Magadan/Asia',39600000)
INSERT INTO "system$timezone" VALUES(20829148276635273,'Australia/Sydney','(GMT+10:00) Sydney/Australia',36000000)
INSERT INTO "system$timezone" VALUES(20829148276601553,'America/Cuiaba','(GMT-04:00) Cuiaba/America',-14400000)
INSERT INTO "system$timezone" VALUES(20829148276648425,'Pacific/Chuuk','(GMT+10:00) Chuuk/Pacific',36000000)
INSERT INTO "system$timezone" VALUES(20829148276646259,'Indian/Chagos','(GMT+06:00) Chagos/Indian',21600000)
INSERT INTO "system$timezone" VALUES(20829148276600595,'America/Chicago','(GMT-06:00) Chicago/America',-21600000)
INSERT INTO "system$timezone" VALUES(20829148276612669,'America/Punta_Arenas','(GMT-03:00) Punta Arenas/America',-10800000)
INSERT INTO "system$timezone" VALUES(20829148276627895,'Asia/Riyadh','(GMT+03:00) Riyadh/Asia',10800000)
INSERT INTO "system$timezone" VALUES(20829148276605348,'America/Indiana/Petersburg','(GMT-05:00) Indiana/Petersburg/America',-18000000)
INSERT INTO "system$timezone" VALUES(20829148276625501,'Asia/Kuwait','(GMT+03:00) Kuwait/Asia',10800000)
INSERT INTO "system$timezone" VALUES(20829148276624545,'Asia/Kathmandu','(GMT+05:45) Kathmandu/Asia',20700000)
INSERT INTO "system$timezone" VALUES(20829148276651164,'Pacific/Norfolk','(GMT+11:00) Norfolk/Pacific',39600000)
INSERT INTO "system$timezone" VALUES(20829148276611720,'America/Paramaribo','(GMT-03:00) Paramaribo/America',-10800000)
INSERT INTO "system$timezone" VALUES(20829148276620074,'Asia/Bahrain','(GMT+03:00) Bahrain/Asia',10800000)
INSERT INTO "system$timezone" VALUES(20829148276635800,'Australia/Yancowinna','(GMT+09:30) Yancowinna/Australia',34200000)
INSERT INTO "system$timezone" VALUES(20829148276609986,'America/Montreal','(GMT-05:00) Montreal/America',-18000000)
INSERT INTO "system$timezone" VALUES(20829148276610583,'America/Nome','(GMT-09:00) Nome/America',-32400000)
INSERT INTO "system$timezone" VALUES(20829148276634151,'Australia/LHI','(GMT+10:30) LHI/Australia',37800000)
INSERT INTO "system$timezone" VALUES(20829148276607544,'America/Los_Angeles','(GMT-08:00) Los Angeles/America',-28800000)
INSERT INTO "system$timezone" VALUES(20829148276610869,'America/North_Dakota/Beulah','(GMT-06:00) North Dakota/Beulah/America',-21600000)
INSERT INTO "system$timezone" VALUES(20829148276631982,'Atlantic/Faeroe','(GMT+00:00) Faeroe/Atlantic',0)
INSERT INTO "system$timezone" VALUES(20829148276591141,'Africa/Djibouti','(GMT+03:00) Djibouti/Africa',10800000)
INSERT INTO "system$timezone" VALUES(20829148276619709,'Asia/Ashkhabad','(GMT+05:00) Ashkhabad/Asia',18000000)
INSERT INTO "system$timezone" VALUES(20829148276593094,'Africa/Luanda','(GMT+01:00) Luanda/Africa',3600000)
INSERT INTO "system$timezone" VALUES(20829148276616265,'America/Tortola','(GMT-04:00) Tortola/America',-14400000)
INSERT INTO "system$timezone" VALUES(20829148276590039,'Africa/Blantyre','(GMT+02:00) Blantyre/Africa',7200000)
INSERT INTO "system$timezone" VALUES(20829148276627776,'Asia/Rangoon','(GMT+06:30) Rangoon/Asia',23400000)
INSERT INTO "system$timezone" VALUES(20829148276627010,'Asia/Phnom_Penh','(GMT+07:00) Phnom Penh/Asia',25200000)
INSERT INTO "system$timezone" VALUES(20829148276589459,'Africa/Bamako','(GMT+00:00) Bamako/Africa',0)
INSERT INTO "system$timezone" VALUES(20829148276619062,'Asia/Amman','(GMT+03:00) Amman/Asia',10800000)
INSERT INTO "system$timezone" VALUES(20829148276598032,'America/Asuncion','(GMT-04:00) Asuncion/America',-14400000)
INSERT INTO "system$timezone" VALUES(20829148276607082,'America/Knox_IN','(GMT-06:00) Knox IN/America',-21600000)
INSERT INTO "system$timezone" VALUES(20829148276617385,'Antarctica/DumontDUrville','(GMT+10:00) DumontDUrville/Antarctica',36000000)
INSERT INTO "system$timezone" VALUES(20829148276644224,'Europe/Tallinn','(GMT+02:00) Tallinn/Europe',7200000)
INSERT INTO "system$timezone" VALUES(20829148276607785,'America/Lower_Princes','(GMT-04:00) Lower Princes/America',-14400000)
INSERT INTO "system$timezone" VALUES(20829148276649825,'Pacific/Honolulu','(GMT-10:00) Honolulu/Pacific',-36000000)
INSERT INTO "system$timezone" VALUES(20829148276605485,'America/Indiana/Tell_City','(GMT-06:00) Indiana/Tell City/America',-21600000)
INSERT INTO "system$timezone" VALUES(20829148276650671,'Pacific/Marquesas','(GMT-09:30) Marquesas/Pacific',-34200000)
INSERT INTO "system$timezone" VALUES(20829148276606636,'America/Juneau','(GMT-09:00) Juneau/America',-32400000)
INSERT INTO "system$timezone" VALUES(20829148276640767,'Europe/Kiev','(GMT+02:00) Kiev/Europe',7200000)
INSERT INTO "system$timezone" VALUES(20829148276638425,'Europe/Belfast','(GMT+00:00) Belfast/Europe',0)
INSERT INTO "system$timezone" VALUES(20829148276614327,'America/Scoresbysund','(GMT-02:00) Scoresbysund/America',-7200000)
INSERT INTO "system$timezone" VALUES(20829148276621356,'Asia/Chongqing','(GMT+08:00) Chongqing/Asia',28800000)
INSERT INTO "system$timezone" VALUES(20829148276651672,'Pacific/Pitcairn','(GMT-08:00) Pitcairn/Pacific',-28800000)
INSERT INTO "system$timezone" VALUES(20829148276629748,'Asia/Thimphu','(GMT+06:00) Thimphu/Asia',21600000)
INSERT INTO "system$timezone" VALUES(20829148276623220,'Asia/Hong_Kong','(GMT+08:00) Hong Kong/Asia',28800000)
INSERT INTO "system$timezone" VALUES(20829148276633165,'Australia/Adelaide','(GMT+09:30) Adelaide/Australia',34200000)
INSERT INTO "system$timezone" VALUES(20829148276603615,'America/Godthab','(GMT-02:00) Godthab/America',-7200000)
INSERT INTO "system$timezone" VALUES(20829148276640159,'Europe/Isle_of_Man','(GMT+00:00) Isle of Man/Europe',0)
INSERT INTO "system$timezone" VALUES(20829148276627351,'Asia/Qatar','(GMT+03:00) Qatar/Asia',10800000)
INSERT INTO "system$timezone" VALUES(20829148276589900,'Africa/Bissau','(GMT+00:00) Bissau/Africa',0)
INSERT INTO "system$timezone" VALUES(20829148276597736,'America/Argentina/Tucuman','(GMT-03:00) Argentina/Tucuman/America',-10800000)
INSERT INTO "system$timezone" VALUES(20829148276604468,'America/Guyana','(GMT-04:00) Guyana/America',-14400000)
INSERT INTO "system$timezone" VALUES(20829148276606398,'America/Jamaica','(GMT-05:00) Jamaica/America',-18000000)
INSERT INTO "system$timezone" VALUES(20829148276606866,'America/Kentucky/Monticello','(GMT-05:00) Kentucky/Monticello/America',-18000000)
INSERT INTO "system$timezone" VALUES(20829148276611003,'America/North_Dakota/Center','(GMT-06:00) North Dakota/Center/America',-21600000)
INSERT INTO "system$timezone" VALUES(20829148276637319,'Canada/Yukon','(GMT-07:00) Yukon/Canada',-25200000)
INSERT INTO "system$timezone" VALUES(20829148276631522,'Atlantic/Azores','(GMT-01:00) Azores/Atlantic',-3600000)
INSERT INTO "system$timezone" VALUES(20829148276616490,'America/Virgin','(GMT-04:00) Virgin/America',-14400000)
INSERT INTO "system$timezone" VALUES(20829148276638922,'Europe/Brussels','(GMT+01:00) Brussels/Europe',3600000)
INSERT INTO "system$timezone" VALUES(20829148276623508,'Asia/Istanbul','(GMT+03:00) Istanbul/Asia',10800000)
INSERT INTO "system$timezone" VALUES(20829148276644736,'Europe/Uzhgorod','(GMT+02:00) Uzhgorod/Europe',7200000)
INSERT INTO "system$timezone" VALUES(20829148276643533,'Europe/Sarajevo','(GMT+01:00) Sarajevo/Europe',3600000)
INSERT INTO "system$timezone" VALUES(20829148276596723,'America/Argentina/Cordoba','(GMT-03:00) Argentina/Cordoba/America',-10800000)
INSERT INTO "system$timezone" VALUES(20829148276641258,'Europe/Ljubljana','(GMT+01:00) Ljubljana/Europe',3600000)
INSERT INTO "system$timezone" VALUES(20829148276627576,'Asia/Qostanay','(GMT+05:00) Qostanay/Asia',18000000)
INSERT INTO "system$timezone" VALUES(20829148276597086,'America/Argentina/Mendoza','(GMT-03:00) Argentina/Mendoza/America',-10800000)
INSERT INTO "system$timezone" VALUES(20829148276617196,'Antarctica/Casey','(GMT+08:00) Casey/Antarctica',28800000)
INSERT INTO "system$timezone" VALUES(20829148276624274,'Asia/Karachi','(GMT+05:00) Karachi/Asia',18000000)
INSERT INTO "system$timezone" VALUES(20829148276606562,'America/Jujuy','(GMT-03:00) Jujuy/America',-10800000)
INSERT INTO "system$timezone" VALUES(20829148276628027,'Asia/Saigon','(GMT+07:00) Saigon/Asia',25200000)
INSERT INTO "system$timezone" VALUES(20829148276639503,'Europe/Copenhagen','(GMT+01:00) Copenhagen/Europe',3600000)
INSERT INTO "system$timezone" VALUES(20829148276606004,'America/Indianapolis','(GMT-05:00) Indianapolis/America',-18000000)
INSERT INTO "system$timezone" VALUES(20829148276653854,'US/Central','(GMT-06:00) Central/US',-21600000)
INSERT INTO "system$timezone" VALUES(20829148276612332,'America/Porto_Acre','(GMT-05:00) Porto Acre/America',-18000000)
INSERT INTO "system$timezone" VALUES(20829148276634812,'Australia/North','(GMT+09:30) North/Australia',34200000)
INSERT INTO "system$timezone" VALUES(20829148276615151,'America/St_Lucia','(GMT-04:00) St Lucia/America',-14400000)
INSERT INTO "system$timezone" VALUES(20829148276650083,'Pacific/Kanton','(GMT+13:00) Kanton/Pacific',46800000)
INSERT INTO "system$timezone" VALUES(20829148276611211,'America/Nuuk','(GMT-02:00) Nuuk/America',-7200000)
INSERT INTO "system$timezone" VALUES(20829148276646905,'Indian/Mahe','(GMT+04:00) Mahe/Indian',14400000)
INSERT INTO "system$timezone" VALUES(20829148276593464,'Africa/Malabo','(GMT+01:00) Malabo/Africa',3600000)
INSERT INTO "system$timezone" VALUES(20829148276633544,'Australia/Canberra','(GMT+10:00) Canberra/Australia',36000000)
INSERT INTO "system$timezone" VALUES(20829148276628637,'Asia/Singapore','(GMT+08:00) Singapore/Asia',28800000)
INSERT INTO "system$timezone" VALUES(20829148276592354,'Africa/Khartoum','(GMT+02:00) Khartoum/Africa',7200000)
INSERT INTO "system$timezone" VALUES(20829148276634675,'Australia/NSW','(GMT+10:00) NSW/Australia',36000000)
INSERT INTO "system$timezone" VALUES(20829148276605852,'America/Indiana/Winamac','(GMT-05:00) Indiana/Winamac/America',-18000000)
INSERT INTO "system$timezone" VALUES(20829148276599212,'America/Boa_Vista','(GMT-04:00) Boa Vista/America',-14400000)
INSERT INTO "system$timezone" VALUES(20829148276622038,'Asia/Dhaka','(GMT+06:00) Dhaka/Asia',21600000)
INSERT INTO "system$timezone" VALUES(20829148276634088,'Australia/Hobart','(GMT+10:00) Hobart/Australia',36000000)
INSERT INTO "system$timezone" VALUES(20829148276636247,'Brazil/East','(GMT-03:00) East/Brazil',-10800000)
INSERT INTO "system$timezone" VALUES(20829148276653449,'US/Alaska','(GMT-09:00) Alaska/US',-32400000)
INSERT INTO "system$timezone" VALUES(20829148276598013,'America/Aruba','(GMT-04:00) Aruba/America',-14400000)
INSERT INTO "system$timezone" VALUES(20829148276633265,'Australia/Brisbane','(GMT+10:00) Brisbane/Australia',36000000)
INSERT INTO "system$timezone" VALUES(20829148276616590,'America/Whitehorse','(GMT-07:00) Whitehorse/America',-25200000)
INSERT INTO "system$timezone" VALUES(20829148276631597,'Atlantic/Bermuda','(GMT-04:00) Bermuda/Atlantic',-14400000)
INSERT INTO "system$timezone" VALUES(20829148276644868,'Europe/Vaduz','(GMT+01:00) Vaduz/Europe',3600000)
INSERT INTO "system$timezone" VALUES(20829148276645142,'Europe/Vienna','(GMT+01:00) Vienna/Europe',3600000)
INSERT INTO "system$timezone" VALUES(20829148276599416,'America/Bogota','(GMT-05:00) Bogota/America',-18000000)
INSERT INTO "system$timezone" VALUES(20829148276602884,'America/Ensenada','(GMT-08:00) Ensenada/America',-28800000)
INSERT INTO "system$timezone" VALUES(20829148276648561,'Pacific/Easter','(GMT-06:00) Easter/Pacific',-21600000)
INSERT INTO "system$timezone" VALUES(20829148276594322,'Africa/Ndjamena','(GMT+01:00) Ndjamena/Africa',3600000)
INSERT INTO "system$timezone" VALUES(20829148276645010,'Europe/Vatican','(GMT+01:00) Vatican/Europe',3600000)
INSERT INTO "system$timezone" VALUES(20829148276635022,'Australia/Queensland','(GMT+10:00) Queensland/Australia',36000000)
INSERT INTO "system$timezone" VALUES(20829148276630337,'Asia/Ulan_Bator','(GMT+08:00) Ulan Bator/Asia',28800000)
INSERT INTO "system$timezone" VALUES(20829148276619858,'Asia/Atyrau','(GMT+05:00) Atyrau/Asia',18000000)
INSERT INTO "system$timezone" VALUES(20829148276592542,'Africa/Kinshasa','(GMT+01:00) Kinshasa/Africa',3600000)
INSERT INTO "system$timezone" VALUES(20829148276608023,'America/Managua','(GMT-06:00) Managua/America',-21600000)
INSERT INTO "system$timezone" VALUES(20829148276629097,'Asia/Tashkent','(GMT+05:00) Tashkent/Asia',18000000)
INSERT INTO "system$timezone" VALUES(20829148276629878,'Asia/Tokyo','(GMT+09:00) Tokyo/Asia',32400000)
INSERT INTO "system$timezone" VALUES(20829148276595316,'Africa/Tripoli','(GMT+02:00) Tripoli/Africa',7200000)
INSERT INTO "system$timezone" VALUES(20829148276621107,'Asia/Chita','(GMT+09:00) Chita/Asia',32400000)
INSERT INTO "system$timezone" VALUES(20829148276608743,'America/Mazatlan','(GMT-07:00) Mazatlan/America',-25200000)
INSERT INTO "system$timezone" VALUES(20829148276622314,'Asia/Dubai','(GMT+04:00) Dubai/Asia',14400000)
INSERT INTO "system$timezone" VALUES(20829148276591704,'Africa/Gaborone','(GMT+02:00) Gaborone/Africa',7200000)
INSERT INTO "system$timezone" VALUES(20829148276604000,'America/Grenada','(GMT-04:00) Grenada/America',-14400000)
INSERT INTO "system$timezone" VALUES(20829148276590271,'Africa/Bujumbura','(GMT+02:00) Bujumbura/Africa',7200000)
INSERT INTO "system$timezone" VALUES(20829148276589340,'Africa/Asmera','(GMT+03:00) Asmera/Africa',10800000)
INSERT INTO "system$timezone" VALUES(20829148276624399,'Asia/Kashgar','(GMT+06:00) Kashgar/Asia',21600000)
INSERT INTO "system$timezone" VALUES(20829148276613359,'America/Resolute','(GMT-06:00) Resolute/America',-21600000)
INSERT INTO "system$timezone" VALUES(20829148276639041,'Europe/Bucharest','(GMT+02:00) Bucharest/Europe',7200000)
INSERT INTO "system$timezone" VALUES(20829148276608828,'America/Mendoza','(GMT-03:00) Mendoza/America',-10800000)
INSERT INTO "system$timezone" VALUES(20829148276634513,'Australia/Melbourne','(GMT+10:00) Melbourne/Australia',36000000)
INSERT INTO "system$timezone" VALUES(20829148276652082,'Pacific/Port_Moresby','(GMT+10:00) Port Moresby/Pacific',36000000)
INSERT INTO "system$timezone" VALUES(20829148276590370,'Africa/Cairo','(GMT+02:00) Cairo/Africa',7200000)
INSERT INTO "system$timezone" VALUES(20829148276599643,'America/Buenos_Aires','(GMT-03:00) Buenos Aires/America',-10800000)
INSERT INTO "system$timezone" VALUES(20829148276598773,'America/Barbados','(GMT-04:00) Barbados/America',-14400000)
INSERT INTO "system$timezone" VALUES(20829148276613978,'America/Santiago','(GMT-04:00) Santiago/America',-14400000)
INSERT INTO "system$timezone" VALUES(20829148276635658,'Australia/West','(GMT+08:00) West/Australia',28800000)
INSERT INTO "system$timezone" VALUES(20829148276602765,'America/El_Salvador','(GMT-06:00) El Salvador/America',-21600000)
INSERT INTO "system$timezone" VALUES(20829148276602667,'America/Eirunepe','(GMT-05:00) Eirunepe/America',-18000000)
INSERT INTO "system$timezone" VALUES(20829148276620861,'Asia/Brunei','(GMT+08:00) Brunei/Asia',28800000)
INSERT INTO "system$timezone" VALUES(20829148276632724,'Atlantic/St_Helena','(GMT+00:00) St Helena/Atlantic',0)
INSERT INTO "system$timezone" VALUES(20829148276646375,'Indian/Christmas','(GMT+07:00) Christmas/Indian',25200000)
INSERT INTO "system$timezone" VALUES(20829148276651050,'Pacific/Niue','(GMT-11:00) Niue/Pacific',-39600000)
INSERT INTO "system$timezone" VALUES(20829148276592809,'Africa/Libreville','(GMT+01:00) Libreville/Africa',3600000)
INSERT INTO "system$timezone" VALUES(20829148276643388,'Europe/San_Marino','(GMT+01:00) San Marino/Europe',3600000)
INSERT INTO "system$timezone" VALUES(20829148276617631,'Antarctica/Mawson','(GMT+05:00) Mawson/Antarctica',18000000)
INSERT INTO "system$timezone" VALUES(20829148276618261,'Antarctica/Syowa','(GMT+03:00) Syowa/Antarctica',10800000)
INSERT INTO "system$timezone" VALUES(20829148276629504,'Asia/Thimbu','(GMT+06:00) Thimbu/Asia',21600000)
INSERT INTO "system$timezone" VALUES(20829148276652549,'Pacific/Tahiti','(GMT-10:00) Tahiti/Pacific',-36000000)
INSERT INTO "system$timezone" VALUES(20829148276622951,'Asia/Hebron','(GMT+02:00) Hebron/Asia',7200000)
INSERT INTO "system$timezone" VALUES(20829148276613377,'America/Rio_Branco','(GMT-05:00) Rio Branco/America',-18000000)
INSERT INTO "system$timezone" VALUES(20829148276638258,'Europe/Athens','(GMT+02:00) Athens/Europe',7200000)
INSERT INTO "system$timezone" VALUES(20829148276608244,'America/Manaus','(GMT-04:00) Manaus/America',-14400000)
INSERT INTO "system$timezone" VALUES(20829148276640888,'Europe/Kirov','(GMT+03:00) Kirov/Europe',10800000)
INSERT INTO "system$timezone" VALUES(20829148276649618,'Pacific/Guam','(GMT+10:00) Guam/Pacific',36000000)
INSERT INTO "system$timezone" VALUES(20829148276641556,'Europe/Madrid','(GMT+01:00) Madrid/Europe',3600000)
INSERT INTO "system$timezone" VALUES(20829148276596224,'America/Argentina/Buenos_Aires','(GMT-03:00) Argentina/Buenos Aires/America',-10800000)
INSERT INTO "system$timezone" VALUES(20829148276612365,'America/Porto_Velho','(GMT-04:00) Porto Velho/America',-14400000)
INSERT INTO "system$timezone" VALUES(20829148276636288,'Brazil/West','(GMT-04:00) West/Brazil',-14400000)
INSERT INTO "system$timezone" VALUES(20829148276603295,'America/Fortaleza','(GMT-03:00) Fortaleza/America',-10800000)
INSERT INTO "system$timezone" VALUES(20829148276636614,'Canada/Central','(GMT-06:00) Central/Canada',-21600000)
INSERT INTO "system$timezone" VALUES(20829148276622676,'Asia/Gaza','(GMT+02:00) Gaza/Asia',7200000)
INSERT INTO "system$timezone" VALUES(20829148276618386,'Antarctica/Troll','(GMT+00:00) Troll/Antarctica',0)
INSERT INTO "system$timezone" VALUES(20829148276596017,'America/Antigua','(GMT-04:00) Antigua/America',-14400000)
INSERT INTO "system$timezone" VALUES(20829148276593169,'Africa/Lubumbashi','(GMT+02:00) Lubumbashi/Africa',7200000)
INSERT INTO "system$timezone" VALUES(20829148276617887,'Antarctica/Palmer','(GMT-03:00) Palmer/Antarctica',-10800000)
INSERT INTO "system$timezone" VALUES(20829148276647418,'Indian/Reunion','(GMT+04:00) Reunion/Indian',14400000)
INSERT INTO "system$timezone" VALUES(20829148276600489,'America/Cayman','(GMT-05:00) Cayman/America',-18000000)
INSERT INTO "system$timezone" VALUES(20829148276646923,'Indian/Maldives','(GMT+05:00) Maldives/Indian',18000000)
INSERT INTO "system$timezone" VALUES(20829148276641094,'Europe/Lisbon','(GMT+00:00) Lisbon/Europe',0)
INSERT INTO "system$timezone" VALUES(20829148276623830,'Asia/Jayapura','(GMT+09:00) Jayapura/Asia',32400000)
INSERT INTO "system$timezone" VALUES(20829148276604266,'America/Guatemala','(GMT-06:00) Guatemala/America',-21600000)
INSERT INTO "system$timezone" VALUES(20829148276638541,'Europe/Belgrade','(GMT+01:00) Belgrade/Europe',3600000)
INSERT INTO "system$timezone" VALUES(20829148276617818,'Antarctica/McMurdo','(GMT+12:00) McMurdo/Antarctica',43200000)
INSERT INTO "system$timezone" VALUES(20829148276639657,'Europe/Dublin','(GMT+00:00) Dublin/Europe',0)
INSERT INTO "system$timezone" VALUES(20829148276650880,'Pacific/Nauru','(GMT+12:00) Nauru/Pacific',43200000)
INSERT INTO "system$timezone" VALUES(20829148276630514,'Asia/Urumqi','(GMT+06:00) Urumqi/Asia',21600000)
INSERT INTO "system$timezone" VALUES(20829148276633914,'Australia/Eucla','(GMT+08:45) Eucla/Australia',31500000)
INSERT INTO "system$timezone" VALUES(20829148276639764,'Europe/Gibraltar','(GMT+01:00) Gibraltar/Europe',3600000)
INSERT INTO "system$timezone" VALUES(20829148276608456,'America/Martinique','(GMT-04:00) Martinique/America',-14400000)
INSERT INTO "system$timezone" VALUES(20829148276602261,'America/Detroit','(GMT-05:00) Detroit/America',-18000000)
INSERT INTO "system$timezone" VALUES(20829148276638656,'Europe/Berlin','(GMT+01:00) Berlin/Europe',3600000)
INSERT INTO "system$timezone" VALUES(20829148276650182,'Pacific/Kiritimati','(GMT+14:00) Kiritimati/Pacific',50400000)
INSERT INTO "system$timezone" VALUES(20829148276592045,'Africa/Juba','(GMT+02:00) Juba/Africa',7200000)
INSERT INTO "system$timezone" VALUES(20829148276623641,'Asia/Jakarta','(GMT+07:00) Jakarta/Asia',25200000)
INSERT INTO "system$timezone" VALUES(20829148276596186,'America/Araguaina','(GMT-03:00) Araguaina/America',-10800000)
INSERT INTO "system$timezone" VALUES(20829148276590600,'Africa/Ceuta','(GMT+01:00) Ceuta/Africa',3600000)
INSERT INTO "system$timezone" VALUES(20829148276632424,'Atlantic/Madeira','(GMT+00:00) Madeira/Atlantic',0)
INSERT INTO "system$timezone" VALUES(20829148276617340,'Antarctica/Davis','(GMT+07:00) Davis/Antarctica',25200000)
INSERT INTO "system$timezone" VALUES(20829148276617039,'America/Yellowknife','(GMT-07:00) Yellowknife/America',-25200000)
INSERT INTO "system$timezone" VALUES(20829148276617545,'Antarctica/Macquarie','(GMT+10:00) Macquarie/Antarctica',36000000)
INSERT INTO "system$timezone" VALUES(20829148276614806,'America/St_Johns','(GMT-03:30) St Johns/America',-12600000)
INSERT INTO "system$timezone" VALUES(20829148276607743,'America/Louisville','(GMT-05:00) Louisville/America',-18000000)
INSERT INTO "system$timezone" VALUES(20829148276639884,'Europe/Guernsey','(GMT+00:00) Guernsey/Europe',0)
INSERT INTO "system$timezone" VALUES(20829148276630257,'Asia/Ulaanbaatar','(GMT+08:00) Ulaanbaatar/Asia',28800000)
INSERT INTO "system$timezone" VALUES(20829148276626744,'Asia/Omsk','(GMT+06:00) Omsk/Asia',21600000)
INSERT INTO "system$timezone" VALUES(20829148276627592,'Asia/Qyzylorda','(GMT+05:00) Qyzylorda/Asia',18000000)
INSERT INTO "system$timezone" VALUES(20829148276636060,'Brazil/DeNoronha','(GMT-02:00) DeNoronha/Brazil',-7200000)
INSERT INTO "system$timezone" VALUES(20829148276593798,'Africa/Mbabane','(GMT+02:00) Mbabane/Africa',7200000)
INSERT INTO "system$timezone" VALUES(20829148276604677,'America/Havana','(GMT-05:00) Havana/America',-18000000)
INSERT INTO "system$timezone" VALUES(20829148276595684,'America/Adak','(GMT-10:00) Adak/America',-36000000)
INSERT INTO "system$timezone" VALUES(20829148276649869,'Pacific/Johnston','(GMT-10:00) Johnston/Pacific',-36000000)
INSERT INTO "system$timezone" VALUES(20829148276623054,'Asia/Ho_Chi_Minh','(GMT+07:00) Ho Chi Minh/Asia',25200000)
INSERT INTO "system$timezone" VALUES(20829148276597227,'America/Argentina/Rio_Gallegos','(GMT-03:00) Argentina/Rio Gallegos/America',-10800000)
INSERT INTO "system$timezone" VALUES(20829148276629378,'Asia/Tel_Aviv','(GMT+02:00) Tel Aviv/Asia',7200000)
INSERT INTO "system$timezone" VALUES(20829148276593538,'Africa/Maputo','(GMT+02:00) Maputo/Africa',7200000)
INSERT INTO "system$timezone" VALUES(20829148276594887,'Africa/Porto-Novo','(GMT+01:00) Porto-Novo/Africa',3600000)
INSERT INTO "system$timezone" VALUES(20829148276605246,'America/Indiana/Marengo','(GMT-05:00) Indiana/Marengo/America',-18000000)
INSERT INTO "system$timezone" VALUES(20829148276651505,'Pacific/Pago_Pago','(GMT-11:00) Pago Pago/Pacific',-39600000)
INSERT INTO "system$timezone" VALUES(20829148276609250,'America/Metlakatla','(GMT-09:00) Metlakatla/America',-32400000)
INSERT INTO "system$timezone" VALUES(20829148276620748,'Asia/Bishkek','(GMT+06:00) Bishkek/Asia',21600000)
INSERT INTO "system$timezone" VALUES(20829148276640472,'Europe/Jersey','(GMT+00:00) Jersey/Europe',0)
INSERT INTO "system$timezone" VALUES(20829148276603901,'America/Grand_Turk','(GMT-05:00) Grand Turk/America',-18000000)
INSERT INTO "system$timezone" VALUES(20829148276615574,'America/Tegucigalpa','(GMT-06:00) Tegucigalpa/America',-21600000)
INSERT INTO "system$timezone" VALUES(20829148276612493,'America/Puerto_Rico','(GMT-04:00) Puerto Rico/America',-14400000)
INSERT INTO "system$timezone" VALUES(20829148276652843,'Pacific/Tongatapu','(GMT+13:00) Tongatapu/Pacific',46800000)
INSERT INTO "system$timezone" VALUES(20829148276625218,'Asia/Kuala_Lumpur','(GMT+08:00) Kuala Lumpur/Asia',28800000)
INSERT INTO "system$timezone" VALUES(20829148276602451,'America/Dominica','(GMT-04:00) Dominica/America',-14400000)
INSERT INTO "system$timezone" VALUES(20829148276619465,'Asia/Aqtobe','(GMT+05:00) Aqtobe/Asia',18000000)
INSERT INTO "system$timezone" VALUES(20829148276615728,'America/Thule','(GMT-04:00) Thule/America',-14400000)
INSERT INTO "system$timezone" VALUES(20829148276629264,'Asia/Tehran','(GMT+03:30) Tehran/Asia',12600000)
INSERT INTO "system$timezone" VALUES(20829148276641459,'Europe/Luxembourg','(GMT+01:00) Luxembourg/Europe',3600000)
INSERT INTO "system$timezone" VALUES(20829148276600830,'America/Chihuahua','(GMT-06:00) Chihuahua/America',-21600000)
INSERT INTO "system$timezone" VALUES(20829148276615937,'America/Tijuana','(GMT-08:00) Tijuana/America',-28800000)
INSERT INTO "system$timezone" VALUES(20829148276601340,'America/Costa_Rica','(GMT-06:00) Costa Rica/America',-21600000)
INSERT INTO "system$timezone" VALUES(20829148276612796,'America/Rainy_River','(GMT-06:00) Rainy River/America',-21600000)
INSERT INTO "system$timezone" VALUES(20829148276600418,'America/Cayenne','(GMT-03:00) Cayenne/America',-10800000)
INSERT INTO "system$timezone" VALUES(20829148276633751,'Australia/Darwin','(GMT+09:30) Darwin/Australia',34200000)
INSERT INTO "system$timezone" VALUES(20829148276644616,'Europe/Ulyanovsk','(GMT+04:00) Ulyanovsk/Europe',14400000)
INSERT INTO "system$timezone" VALUES(20829148276633353,'Australia/Broken_Hill','(GMT+09:30) Broken Hill/Australia',34200000)
INSERT INTO "system$timezone" VALUES(20829148276623294,'Asia/Hovd','(GMT+07:00) Hovd/Asia',25200000)
INSERT INTO "system$timezone" VALUES(20829148276642874,'Europe/Prague','(GMT+01:00) Prague/Europe',3600000)
INSERT INTO "system$timezone" VALUES(20829148276615927,'America/Thunder_Bay','(GMT-05:00) Thunder Bay/America',-18000000)
INSERT INTO "system$timezone" VALUES(20829148276594772,'Africa/Ouagadougou','(GMT+00:00) Ouagadougou/Africa',0)
COMMIT
DELETE FROM "mendixsystem$entityidentifier" WHERE "id"='76805df3-dede-435f-92a6-d6525c68a693'
INSERT INTO "mendixsystem$entityidentifier" VALUES('76805df3-dede-435f-92a6-d6525c68a693',1,101)
COMMIT
INSERT INTO "system$language" VALUES(281474976710847,'en_US','English, United States')
COMMIT
DELETE FROM "mendixsystem$entityidentifier" WHERE "id"='92ef30a6-de04-423c-84fd-a21e9b9eeae2'
INSERT INTO "mendixsystem$entityidentifier" VALUES('92ef30a6-de04-423c-84fd-a21e9b9eeae2',73,101)
COMMIT
INSERT INTO "system$userrole" VALUES(20547673299878129,'8dd52bfa-6d7e-453b-b506-303c0a3d9567','Administrator','')
INSERT INTO "system$userrole" VALUES(20547673299878228,'53f5d6fa-6da9-4a71-b011-454ec052cce8','User','')
INSERT INTO "system$grantableroles" VALUES(20547673299878129,20547673299878129)
INSERT INTO "system$grantableroles" VALUES(20547673299878129,20547673299878228)
COMMIT
DELETE FROM "mendixsystem$entityidentifier" WHERE "id"='a046943f-826d-4ebf-828c-bb1ec60bc7bd'
INSERT INTO "mendixsystem$entityidentifier" VALUES('a046943f-826d-4ebf-828c-bb1ec60bc7bd',32,101)
COMMIT
INSERT INTO "administration$account" VALUES(9007199254741141,NULL,NULL,TRUE)
INSERT INTO "system$user" VALUES(9007199254741141,'demo_administrator','{BCrypt}$2a$12$GOHsVypPb2GSS1NitLFFcukvIvMP3AIAtGCqs/Po2HzemJ0fvKHbe',NULL,FALSE,NULL,TRUE,0,FALSE,FALSE,'2025-10-09 17:20:37.696000','2025-10-09 17:20:38.423000','Administration.Account',NULL,9007199254741141)
INSERT INTO "system$userroles" VALUES(9007199254741141,20547673299878129)
COMMIT
INSERT INTO "administration$account" VALUES(9007199254741347,NULL,NULL,TRUE)
INSERT INTO "system$user" VALUES(9007199254741347,'demo_user','{BCrypt}$2a$12$2zD2usrDL8dRlK8ShnbQjeDrot4leOgZSl5lZUFlMPAlku5kM4OQK',NULL,FALSE,NULL,TRUE,0,FALSE,FALSE,'2025-10-09 17:20:38.451000','2025-10-09 17:20:39.029000','Administration.Account',NULL,9007199254741347)
INSERT INTO "system$userroles" VALUES(9007199254741347,20547673299878228)
COMMIT
INSERT INTO "mendixsystem$properties" VALUES('Mendix.Runtime.DeploymentID','638956344073002430')
COMMIT
DELETE FROM "mendixsystem$entityidentifier" WHERE "id"='d4154981-8dac-4150-aec5-efa3ef62a7a2'
INSERT INTO "mendixsystem$entityidentifier" VALUES('d4154981-8dac-4150-aec5-efa3ef62a7a2',67,101)
COMMIT
INSERT INTO "system$xasinstance" VALUES(18858823439614151,'3e78fd2b-eec4-4998-98fb-f037b1b7a62d','2025-10-09 17:20:39.330000',NULL,NULL,NULL,'2025-10-09 17:20:39.330000')
COMMIT
INSERT INTO "mendixsystem$properties" VALUES('oldFileMigrationCompleted','true')
COMMIT
INSERT INTO "mendixsystem$properties" VALUES('DefaultScheduledEventsCleanupAge','604800000')
COMMIT
INSERT INTO "mendixsystem$properties" VALUES('DefaultProcessedTaskCleanupAge','604800000')
COMMIT
/*C4*/DELETE FROM "mendixsystem$entityidentifier" WHERE "id"='c6c131c8-8779-4213-9b26-a64e141f26a8'
INSERT INTO "mendixsystem$entityidentifier" VALUES('c6c131c8-8779-4213-9b26-a64e141f26a8',70,101)
COMMIT
ALTER SEQUENCE PUBLIC."system$queuedtask_sequence_mxseq" RESTART WITH 12
INSERT INTO "system$queuedtask" VALUES(19703248369746883,7,'Idle','59651013-f9bc-4fc1-b435-276439b07899','System.ScheduledEventsQueue','ScheduledEvent',NULL,NULL,'ClusterManagement-PopulateFileDocumentSizes','[]',NULL,NULL,'2025-10-09 17:20:40.468000','2025-10-09 17:21:31.386000',NULL,0,NULL,'ClusterManagement-PopulateFileDocumentSizes',NULL)
INSERT INTO "system$queuedtask" VALUES(19703248369746194,2,'Idle','59651013-f9bc-4fc1-b435-276439b07899','System.ScheduledEventsQueue','ScheduledEvent',NULL,NULL,'ClusterManagement-CleanupBackgroundJobs','[]',NULL,NULL,'2025-10-09 17:20:40.454000','2025-10-09 17:20:41.386000',NULL,0,NULL,'ClusterManagement-CleanupBackgroundJobs',NULL)
INSERT INTO "system$queuedtask" VALUES(19703248369746648,5,'Idle','59651013-f9bc-4fc1-b435-276439b07899','System.ScheduledEventsQueue','ScheduledEvent',NULL,NULL,'ClusterManagement-CleanupUnreferencedFiles','[]',NULL,NULL,'2025-10-09 17:20:40.462000','2025-10-09 17:23:11.386000',NULL,0,NULL,'ClusterManagement-CleanupUnreferencedFiles',NULL)
INSERT INTO "system$queuedtask" VALUES(19703248369746308,3,'Idle','59651013-f9bc-4fc1-b435-276439b07899','System.ScheduledEventsQueue','ScheduledEvent',NULL,NULL,'ClusterManagement-CleanupTmpDocuments','[]',NULL,NULL,'2025-10-09 17:20:40.457000','2025-10-09 17:20:41.386000',NULL,0,NULL,'ClusterManagement-CleanupTmpDocuments',NULL)
INSERT INTO "system$queuedtask" VALUES(19703248369747311,10,'Idle','59651013-f9bc-4fc1-b435-276439b07899','System.ScheduledEventsQueue','ScheduledEvent',NULL,NULL,'ClusterManagement-CleanupOfflineGUIDs','[]',NULL,NULL,'2025-10-09 17:20:40.477000','2025-10-09 17:20:41.386000',NULL,0,NULL,'ClusterManagement-CleanupOfflineGUIDs',NULL)
INSERT INTO "system$queuedtask" VALUES(19703248369747076,9,'Idle','59651013-f9bc-4fc1-b435-276439b07899','System.ScheduledEventsQueue','ScheduledEvent',NULL,NULL,'ClusterManagement-CleanupOfflineSyncHistory','[]',NULL,NULL,'2025-10-09 17:20:40.474000','2025-10-09 17:20:41.386000',NULL,0,NULL,'ClusterManagement-CleanupOfflineSyncHistory',NULL)
INSERT INTO "system$queuedtask" VALUES(19703248369747382,11,'Idle','59651013-f9bc-4fc1-b435-276439b07899','System.ScheduledEventsQueue','ScheduledEvent',NULL,NULL,'ClusterManagement-UnblockUsers','[]',NULL,NULL,'2025-10-09 17:20:40.480000','2025-10-09 17:20:45.386000',NULL,0,NULL,'ClusterManagement-UnblockUsers',NULL)
INSERT INTO "system$queuedtask" VALUES(19703248369746088,1,'Idle','59651013-f9bc-4fc1-b435-276439b07899','System.ScheduledEventsQueue','ScheduledEvent',NULL,NULL,'ClusterManagement-CleanupProcessedTasks','[]',NULL,NULL,'2025-10-09 17:20:40.440000','2025-10-09 17:24:51.386000',NULL,0,NULL,'ClusterManagement-CleanupProcessedTasks',NULL)
INSERT INTO "system$queuedtask" VALUES(19703248369746957,8,'Idle','59651013-f9bc-4fc1-b435-276439b07899','System.ScheduledEventsQueue','ScheduledEvent',NULL,NULL,'ClusterManagement-CleanupOrphanedFiles','[]',NULL,NULL,'2025-10-09 17:20:40.471000','2025-10-09 17:22:21.386000',NULL,0,NULL,'ClusterManagement-CleanupOrphanedFiles',NULL)
INSERT INTO "system$queuedtask" VALUES(19703248369746711,6,'Idle','59651013-f9bc-4fc1-b435-276439b07899','System.ScheduledEventsQueue','ScheduledEvent',NULL,NULL,'ClusterManagement-CleanupSessions','[]',NULL,NULL,'2025-10-09 17:20:40.465000','2025-10-09 17:20:41.386000',NULL,0,NULL,'ClusterManagement-CleanupSessions',NULL)
INSERT INTO "system$queuedtask" VALUES(19703248369746486,4,'Idle','59651013-f9bc-4fc1-b435-276439b07899','System.ScheduledEventsQueue','ScheduledEvent',NULL,NULL,'ClusterManagement-CleanupScheduledEvents','[]',NULL,NULL,'2025-10-09 17:20:40.459000','2025-10-09 17:24:01.386000',NULL,0,NULL,'ClusterManagement-CleanupScheduledEvents',NULL)
COMMIT
/*C3*/INSERT INTO "mendixsystem$properties" VALUES('ScheduledEventsExecution','NONE:638956344073002430')
COMMIT
/*C4*/DELETE FROM "mendixsystem$entityidentifier" WHERE "id"='282e2e60-88a5-469d-84a5-ba8d9151644f'
INSERT INTO "mendixsystem$entityidentifier" VALUES('282e2e60-88a5-469d-84a5-ba8d9151644f',65,101)
COMMIT
DELETE FROM "system$xasinstance" WHERE "id"=18858823439614151
INSERT INTO "system$xasinstance" VALUES(18858823439614151,'3e78fd2b-eec4-4998-98fb-f037b1b7a62d','2025-10-09 17:20:41.323000',NULL,NULL,NULL,'2025-10-09 17:20:39.330000')
COMMIT
INSERT INTO "system$user" VALUES(18295873486192858,'admin','{BCrypt}$2a$12$iXvdiqS5YKuYHT1PyzL3MeTqHG3R2jFR8LsJi3G1hgpQyVyc5nB6C',NULL,FALSE,NULL,TRUE,0,FALSE,FALSE,'2025-10-09 17:20:40.924000','2025-10-09 17:20:41.520000','System.User',NULL,18295873486192858)
INSERT INTO "system$userroles" VALUES(18295873486192858,20547673299878129)
COMMIT
/*C5*/SET SCHEMA PUBLIC
DELETE FROM "system$queuedtask" WHERE "id"=19703248369746194
DELETE FROM "system$queuedtask" WHERE "id"=19703248369746308
DELETE FROM "system$queuedtask" WHERE "id"=19703248369746711
DELETE FROM "system$queuedtask" WHERE "id"=19703248369747076
DELETE FROM "system$queuedtask" WHERE "id"=19703248369747311
INSERT INTO "system$queuedtask" VALUES(19703248369746194,2,'Running','59651013-f9bc-4fc1-b435-276439b07899','System.ScheduledEventsQueue','ScheduledEvent',NULL,NULL,'ClusterManagement-CleanupBackgroundJobs','[]','3e78fd2b-eec4-4998-98fb-f037b1b7a62d',88,'2025-10-09 17:20:40.454000','2025-10-09 17:20:41.386000','2025-10-09 17:20:41.886000',0,NULL,'ClusterManagement-CleanupBackgroundJobs',NULL)
INSERT INTO "system$queuedtask" VALUES(19703248369746308,3,'Running','59651013-f9bc-4fc1-b435-276439b07899','System.ScheduledEventsQueue','ScheduledEvent',NULL,NULL,'ClusterManagement-CleanupTmpDocuments','[]','3e78fd2b-eec4-4998-98fb-f037b1b7a62d',88,'2025-10-09 17:20:40.457000','2025-10-09 17:20:41.386000','2025-10-09 17:20:41.891000',0,NULL,'ClusterManagement-CleanupTmpDocuments',NULL)
INSERT INTO "system$queuedtask" VALUES(19703248369746711,6,'Running','59651013-f9bc-4fc1-b435-276439b07899','System.ScheduledEventsQueue','ScheduledEvent',NULL,NULL,'ClusterManagement-CleanupSessions','[]','3e78fd2b-eec4-4998-98fb-f037b1b7a62d',88,'2025-10-09 17:20:40.465000','2025-10-09 17:20:41.386000','2025-10-09 17:20:41.893000',0,NULL,'ClusterManagement-CleanupSessions',NULL)
INSERT INTO "system$queuedtask" VALUES(19703248369747076,9,'Running','59651013-f9bc-4fc1-b435-276439b07899','System.ScheduledEventsQueue','ScheduledEvent',NULL,NULL,'ClusterManagement-CleanupOfflineSyncHistory','[]','3e78fd2b-eec4-4998-98fb-f037b1b7a62d',88,'2025-10-09 17:20:40.474000','2025-10-09 17:20:41.386000','2025-10-09 17:20:41.895000',0,NULL,'ClusterManagement-CleanupOfflineSyncHistory',NULL)
INSERT INTO "system$queuedtask" VALUES(19703248369747311,10,'Running','59651013-f9bc-4fc1-b435-276439b07899','System.ScheduledEventsQueue','ScheduledEvent',NULL,NULL,'ClusterManagement-CleanupOfflineGUIDs','[]','3e78fd2b-eec4-4998-98fb-f037b1b7a62d',88,'2025-10-09 17:20:40.477000','2025-10-09 17:20:41.386000','2025-10-09 17:20:41.898000',0,NULL,'ClusterManagement-CleanupOfflineGUIDs',NULL)
COMMIT
/*C3*/ALTER SEQUENCE PUBLIC."system$queuedtask_sequence_mxseq" RESTART WITH 15
/*C5*/ALTER SEQUENCE PUBLIC."system$queuedtask_sequence_mxseq" RESTART WITH 15
/*C4*/ALTER SEQUENCE PUBLIC."system$queuedtask_sequence_mxseq" RESTART WITH 15
/*C8*/SET SCHEMA PUBLIC
DELETE FROM "mendixsystem$entityidentifier" WHERE "id"='eb5c32a1-85ec-49d1-8bca-ecca779cd539'
INSERT INTO "mendixsystem$entityidentifier" VALUES('eb5c32a1-85ec-49d1-8bca-ecca779cd539',64,101)
COMMIT
/*C7*/SET SCHEMA PUBLIC
ALTER SEQUENCE PUBLIC."system$queuedtask_sequence_mxseq" RESTART WITH 17
/*C6*/SET SCHEMA PUBLIC
ALTER SEQUENCE PUBLIC."system$queuedtask_sequence_mxseq" RESTART WITH 17
/*C4*/INSERT INTO "system$queuedtask" VALUES(19703248369747592,13,'Idle','59651013-f9bc-4fc1-b435-276439b07899','System.ScheduledEventsQueue','ScheduledEvent',NULL,NULL,'ClusterManagement-CleanupSessions','[]',NULL,NULL,'2025-10-09 17:20:42.045000','2025-10-09 17:25:41.386000',NULL,0,NULL,'ClusterManagement-CleanupSessions',NULL)
INSERT INTO "system$processedqueuetask" VALUES(18014398509482453,6,'Completed','59651013-f9bc-4fc1-b435-276439b07899','System.ScheduledEventsQueue','ScheduledEvent',NULL,NULL,'ClusterManagement-CleanupSessions','[]','3e78fd2b-eec4-4998-98fb-f037b1b7a62d',88,'2025-10-09 17:20:40.465000','2025-10-09 17:20:41.386000','2025-10-09 17:20:41.893000','2025-10-09 17:20:42.085000',192,0,NULL,'ClusterManagement-CleanupSessions',NULL)
DELETE FROM "system$queuedtask" WHERE "id"=19703248369746711
COMMIT
/*C3*/INSERT INTO "system$queuedtask" VALUES(19703248369747814,14,'Idle','59651013-f9bc-4fc1-b435-276439b07899','System.ScheduledEventsQueue','ScheduledEvent',NULL,NULL,'ClusterManagement-CleanupBackgroundJobs','[]',NULL,NULL,'2025-10-09 17:20:42.045000','2025-10-09 17:25:41.386000',NULL,0,NULL,'ClusterManagement-CleanupBackgroundJobs',NULL)
INSERT INTO "system$processedqueuetask" VALUES(18014398509482243,2,'Completed','59651013-f9bc-4fc1-b435-276439b07899','System.ScheduledEventsQueue','ScheduledEvent',NULL,NULL,'ClusterManagement-CleanupBackgroundJobs','[]','3e78fd2b-eec4-4998-98fb-f037b1b7a62d',88,'2025-10-09 17:20:40.454000','2025-10-09 17:20:41.386000','2025-10-09 17:20:41.886000','2025-10-09 17:20:42.085000',199,0,NULL,'ClusterManagement-CleanupBackgroundJobs',NULL)
DELETE FROM "system$queuedtask" WHERE "id"=19703248369746194
COMMIT
/*C7*/INSERT INTO "system$queuedtask" VALUES(19703248369748087,15,'Idle','59651013-f9bc-4fc1-b435-276439b07899','System.ScheduledEventsQueue','ScheduledEvent',NULL,NULL,'ClusterManagement-CleanupOfflineSyncHistory','[]',NULL,NULL,'2025-10-09 17:20:42.100000','2025-10-09 17:25:41.386000',NULL,0,NULL,'ClusterManagement-CleanupOfflineSyncHistory',NULL)
INSERT INTO "system$processedqueuetask" VALUES(18014398509482523,9,'Completed','59651013-f9bc-4fc1-b435-276439b07899','System.ScheduledEventsQueue','ScheduledEvent',NULL,NULL,'ClusterManagement-CleanupOfflineSyncHistory','[]','3e78fd2b-eec4-4998-98fb-f037b1b7a62d',88,'2025-10-09 17:20:40.474000','2025-10-09 17:20:41.386000','2025-10-09 17:20:41.895000','2025-10-09 17:20:42.107000',212,0,NULL,'ClusterManagement-CleanupOfflineSyncHistory',NULL)
DELETE FROM "system$queuedtask" WHERE "id"=19703248369747076
COMMIT
/*C5*/INSERT INTO "system$queuedtask" VALUES(19703248369747474,12,'Idle','59651013-f9bc-4fc1-b435-276439b07899','System.ScheduledEventsQueue','ScheduledEvent',NULL,NULL,'ClusterManagement-CleanupTmpDocuments','[]',NULL,NULL,'2025-10-09 17:20:42.045000','2025-10-09 17:25:41.386000',NULL,0,NULL,'ClusterManagement-CleanupTmpDocuments',NULL)
INSERT INTO "system$processedqueuetask" VALUES(18014398509482134,3,'Completed','59651013-f9bc-4fc1-b435-276439b07899','System.ScheduledEventsQueue','ScheduledEvent',NULL,NULL,'ClusterManagement-CleanupTmpDocuments','[]','3e78fd2b-eec4-4998-98fb-f037b1b7a62d',88,'2025-10-09 17:20:40.457000','2025-10-09 17:20:41.386000','2025-10-09 17:20:41.891000','2025-10-09 17:20:42.085000',194,0,NULL,'ClusterManagement-CleanupTmpDocuments',NULL)
DELETE FROM "system$queuedtask" WHERE "id"=19703248369746308
COMMIT
/*C6*/INSERT INTO "system$queuedtask" VALUES(19703248369747947,16,'Idle','59651013-f9bc-4fc1-b435-276439b07899','System.ScheduledEventsQueue','ScheduledEvent',NULL,NULL,'ClusterManagement-CleanupOfflineGUIDs','[]',NULL,NULL,'2025-10-09 17:20:42.100000','2025-10-09 17:25:41.386000',NULL,0,NULL,'ClusterManagement-CleanupOfflineGUIDs',NULL)
INSERT INTO "system$processedqueuetask" VALUES(18014398509482744,10,'Completed','59651013-f9bc-4fc1-b435-276439b07899','System.ScheduledEventsQueue','ScheduledEvent',NULL,NULL,'ClusterManagement-CleanupOfflineGUIDs','[]','3e78fd2b-eec4-4998-98fb-f037b1b7a62d',88,'2025-10-09 17:20:40.477000','2025-10-09 17:20:41.386000','2025-10-09 17:20:41.898000','2025-10-09 17:20:42.107000',209,0,NULL,'ClusterManagement-CleanupOfflineGUIDs',NULL)
DELETE FROM "system$queuedtask" WHERE "id"=19703248369747311
COMMIT
/*C5*/DELETE FROM "system$queuedtask" WHERE "id"=19703248369747382
INSERT INTO "system$queuedtask" VALUES(19703248369747382,11,'Running','59651013-f9bc-4fc1-b435-276439b07899','System.ScheduledEventsQueue','ScheduledEvent',NULL,NULL,'ClusterManagement-UnblockUsers','[]','3e78fd2b-eec4-4998-98fb-f037b1b7a62d',88,'2025-10-09 17:20:40.480000','2025-10-09 17:20:45.386000','2025-10-09 17:20:46.341000',0,NULL,'ClusterManagement-UnblockUsers',NULL)
COMMIT
ALTER SEQUENCE PUBLIC."system$queuedtask_sequence_mxseq" RESTART WITH 18
INSERT INTO "system$queuedtask" VALUES(19703248369748219,17,'Idle','59651013-f9bc-4fc1-b435-276439b07899','System.ScheduledEventsQueue','ScheduledEvent',NULL,NULL,'ClusterManagement-UnblockUsers','[]',NULL,NULL,'2025-10-09 17:20:46.367000','2025-10-09 17:25:45.386000',NULL,0,NULL,'ClusterManagement-UnblockUsers',NULL)
INSERT INTO "system$processedqueuetask" VALUES(18014398509482842,11,'Completed','59651013-f9bc-4fc1-b435-276439b07899','System.ScheduledEventsQueue','ScheduledEvent',NULL,NULL,'ClusterManagement-UnblockUsers','[]','3e78fd2b-eec4-4998-98fb-f037b1b7a62d',88,'2025-10-09 17:20:40.480000','2025-10-09 17:20:45.386000','2025-10-09 17:20:46.341000','2025-10-09 17:20:46.373000',32,0,NULL,'ClusterManagement-UnblockUsers',NULL)
DELETE FROM "system$queuedtask" WHERE "id"=19703248369747382
COMMIT
/*C6*/DELETE FROM "system$user" WHERE "id"=18295873486192858
INSERT INTO "system$user" VALUES(18295873486192858,'admin','{BCrypt}$2a$12$iXvdiqS5YKuYHT1PyzL3MeTqHG3R2jFR8LsJi3G1hgpQyVyc5nB6C','2025-10-09 17:21:03.727000',FALSE,NULL,TRUE,0,FALSE,FALSE,'2025-10-09 17:20:40.924000','2025-10-09 17:21:03.728000','System.User',NULL,18295873486192858)
INSERT INTO "system$user_language" VALUES(18295873486192858,281474976710847)
COMMIT
DELETE FROM "mendixsystem$entityidentifier" WHERE "id"='37f9fd49-5318-4c63-9a51-f761779b202f'
INSERT INTO "mendixsystem$entityidentifier" VALUES('37f9fd49-5318-4c63-9a51-f761779b202f',61,101)
COMMIT
INSERT INTO "system$session" VALUES(17169973579350243,'7b22610f-6761-40de-9b11-dbff242600a8','3ba71ca2-26dd-43a1-b38e-ad71abbaa237','2025-10-09 17:21:03.797000',FALSE,'28c8c539-e4f3-4a9c-9127-7759954da92c',NULL,'2025-10-09 17:21:03.797000')
INSERT INTO "system$session_user" VALUES(17169973579350243,18295873486192858)
COMMIT
DELETE FROM "system$session" WHERE "id"=17169973579350243
INSERT INTO "system$session" VALUES(17169973579350243,'7b22610f-6761-40de-9b11-dbff242600a8','3ba71ca2-26dd-43a1-b38e-ad71abbaa237','2025-10-09 17:21:04.108000',FALSE,'28c8c539-e4f3-4a9c-9127-7759954da92c',NULL,'2025-10-09 17:21:03.797000')
COMMIT
DELETE FROM "system$queuedtask" WHERE "id"=19703248369746883
INSERT INTO "system$queuedtask" VALUES(19703248369746883,7,'Running','59651013-f9bc-4fc1-b435-276439b07899','System.ScheduledEventsQueue','ScheduledEvent',NULL,NULL,'ClusterManagement-PopulateFileDocumentSizes','[]','3e78fd2b-eec4-4998-98fb-f037b1b7a62d',88,'2025-10-09 17:20:40.468000','2025-10-09 17:21:31.386000','2025-10-09 17:21:32.070000',0,NULL,'ClusterManagement-PopulateFileDocumentSizes',NULL)
COMMIT
ALTER SEQUENCE PUBLIC."system$queuedtask_sequence_mxseq" RESTART WITH 19
INSERT INTO "system$queuedtask" VALUES(19703248369748305,18,'Idle','59651013-f9bc-4fc1-b435-276439b07899','System.ScheduledEventsQueue','ScheduledEvent',NULL,NULL,'ClusterManagement-PopulateFileDocumentSizes','[]',NULL,NULL,'2025-10-09 17:21:32.095000','2025-10-09 17:26:31.386000',NULL,0,NULL,'ClusterManagement-PopulateFileDocumentSizes',NULL)
INSERT INTO "system$processedqueuetask" VALUES(18014398509483000,7,'Completed','59651013-f9bc-4fc1-b435-276439b07899','System.ScheduledEventsQueue','ScheduledEvent',NULL,NULL,'ClusterManagement-PopulateFileDocumentSizes','[]','3e78fd2b-eec4-4998-98fb-f037b1b7a62d',88,'2025-10-09 17:20:40.468000','2025-10-09 17:21:31.386000','2025-10-09 17:21:32.070000','2025-10-09 17:21:32.098000',28,0,NULL,'ClusterManagement-PopulateFileDocumentSizes',NULL)
DELETE FROM "system$queuedtask" WHERE "id"=19703248369746883
COMMIT
DELETE FROM "system$session" WHERE "id"=17169973579350243
INSERT INTO "system$session" VALUES(17169973579350243,'7b22610f-6761-40de-9b11-dbff242600a8','3ba71ca2-26dd-43a1-b38e-ad71abbaa237','2025-10-09 17:22:03.802000',FALSE,'28c8c539-e4f3-4a9c-9127-7759954da92c',NULL,'2025-10-09 17:21:03.797000')
COMMIT
DELETE FROM "system$queuedtask" WHERE "id"=19703248369746957
INSERT INTO "system$queuedtask" VALUES(19703248369746957,8,'Running','59651013-f9bc-4fc1-b435-276439b07899','System.ScheduledEventsQueue','ScheduledEvent',NULL,NULL,'ClusterManagement-CleanupOrphanedFiles','[]','3e78fd2b-eec4-4998-98fb-f037b1b7a62d',88,'2025-10-09 17:20:40.471000','2025-10-09 17:22:21.386000','2025-10-09 17:22:21.767000',0,NULL,'ClusterManagement-CleanupOrphanedFiles',NULL)
COMMIT
ALTER SEQUENCE PUBLIC."system$queuedtask_sequence_mxseq" RESTART WITH 20
INSERT INTO "system$queuedtask" VALUES(19703248369748388,19,'Idle','59651013-f9bc-4fc1-b435-276439b07899','System.ScheduledEventsQueue','ScheduledEvent',NULL,NULL,'ClusterManagement-CleanupOrphanedFiles','[]',NULL,NULL,'2025-10-09 17:22:21.797000','2025-10-09 17:27:21.386000',NULL,0,NULL,'ClusterManagement-CleanupOrphanedFiles',NULL)
INSERT INTO "system$processedqueuetask" VALUES(18014398509483018,8,'Completed','59651013-f9bc-4fc1-b435-276439b07899','System.ScheduledEventsQueue','ScheduledEvent',NULL,NULL,'ClusterManagement-CleanupOrphanedFiles','[]','3e78fd2b-eec4-4998-98fb-f037b1b7a62d',88,'2025-10-09 17:20:40.471000','2025-10-09 17:22:21.386000','2025-10-09 17:22:21.767000','2025-10-09 17:22:21.801000',34,0,NULL,'ClusterManagement-CleanupOrphanedFiles',NULL)
DELETE FROM "system$queuedtask" WHERE "id"=19703248369746957
COMMIT
DELETE FROM "system$queuedtask" WHERE "id"=19703248369746648
INSERT INTO "system$queuedtask" VALUES(19703248369746648,5,'Running','59651013-f9bc-4fc1-b435-276439b07899','System.ScheduledEventsQueue','ScheduledEvent',NULL,NULL,'ClusterManagement-CleanupUnreferencedFiles','[]','3e78fd2b-eec4-4998-98fb-f037b1b7a62d',88,'2025-10-09 17:20:40.462000','2025-10-09 17:23:11.386000','2025-10-09 17:23:11.478000',0,NULL,'ClusterManagement-CleanupUnreferencedFiles',NULL)
COMMIT
INSERT INTO "mendixsystem$properties" VALUES('leftoverUnreferencedFileCleanupComplete','true')
COMMIT
ALTER SEQUENCE PUBLIC."system$queuedtask_sequence_mxseq" RESTART WITH 21
INSERT INTO "system$queuedtask" VALUES(19703248369748552,20,'Idle','59651013-f9bc-4fc1-b435-276439b07899','System.ScheduledEventsQueue','ScheduledEvent',NULL,NULL,'ClusterManagement-CleanupUnreferencedFiles','[]',NULL,NULL,'2025-10-09 17:23:11.488000','2025-10-09 17:28:11.386000',NULL,0,NULL,'ClusterManagement-CleanupUnreferencedFiles',NULL)
INSERT INTO "system$processedqueuetask" VALUES(18014398509483189,5,'Completed','59651013-f9bc-4fc1-b435-276439b07899','System.ScheduledEventsQueue','ScheduledEvent',NULL,NULL,'ClusterManagement-CleanupUnreferencedFiles','[]','3e78fd2b-eec4-4998-98fb-f037b1b7a62d',88,'2025-10-09 17:20:40.462000','2025-10-09 17:23:11.386000','2025-10-09 17:23:11.478000','2025-10-09 17:23:11.491000',13,0,NULL,'ClusterManagement-CleanupUnreferencedFiles',NULL)
DELETE FROM "system$queuedtask" WHERE "id"=19703248369746648
COMMIT
